,1M_Exe_Cost
60,90.479
61,85.16499999999999
62,83.91499999999999
63,91.72899999999998
64,95.15800000000002
65,90.479
66,90.479
67,86.83200000000001
68,84.947
69,91.72899999999998
70,91.511
71,84.019
72,86.83200000000001
73,90.479
74,122.659
75,126.921
76,87.666
77,86.83200000000001
78,110.772
79,114.93999999999998
80,88.08200000000001
81,90.479
82,122.659
83,122.44999999999999
84,86.83200000000001
85,86.83200000000001
86,123.07599999999998
87,93.595
88,123.69099999999999
89,142.223
90,85.05100000000002
91,87.666
92,87.56200000000001
93,86.83200000000001
94,149.516
95,84.74900000000001
96,84.019
97,85.165
98,96.10600000000001
99,124.63799999999999
100,84.33100000000002
101,123.38799999999999
102,89.01
103,111.91800000000002
104,87.97800000000001
105,120.158
106,87.97800000000001
107,117.345
108,99.72800000000002
109,84.33100000000002
110,87.97800000000001
111,84.33100000000002
112,117.345
113,162.308
114,85.581
115,120.47099999999999
116,84.33100000000002
117,87.97800000000001
118,84.33100000000002
119,140.868
120,89.84400000000002
121,121.92899999999999
122,87.97800000000001
123,84.33100000000002
124,109.30300000000001
125,85.165
126,87.97800000000001
127,92.65700000000001
128,145.13000000000002
129,81.51800000000001
130,81.51800000000001
131,91.62500000000001
132,81.51800000000001
133,90.741
134,118.273
135,82.86200000000001
136,81.83000000000001
137,131.098
138,121.408
139,120.158
140,110.77099999999999
141,86.83200000000001
142,87.97800000000001
143,124.84699999999998
144,117.345
145,86.197
146,120.158
147,111.91800000000002
148,121.19
149,86.83200000000001
150,84.33100000000002
151,86.83200000000001
152,89.114
153,89.228
154,88.91599999999998
155,102.452
156,122.659
157,89.01
158,118.17899999999999
159,91.72899999999998
160,149.08
161,86.83200000000001
162,118.699
163,81.51800000000001
164,84.33100000000002
165,90.479
166,84.019
167,103.677
168,94.12600000000002
169,84.74900000000001
170,85.165
171,86.83200000000001
172,87.666
173,122.76299999999999
174,90.479
175,85.05100000000002
176,89.62600000000002
177,122.525
178,117.345
179,87.666
180,86.83200000000001
181,122.22200000000001
182,85.165
183,86.311
184,125.88899999999998
185,84.33100000000002
186,110.772
187,87.666
188,88.08200000000001
189,123.38799999999999
190,90.479
191,86.83200000000001
192,84.33100000000002
193,143.78600000000003
194,90.479
195,88.08200000000001
196,87.97800000000001
197,81.51800000000001
198,91.72899999999998
199,90.479
200,130.369
201,111.605
202,118.38699999999999
203,88.08200000000001
204,87.97800000000001
205,92.21
206,84.33100000000002
207,90.479
208,146.16200000000003
209,117.345
210,87.97800000000001
211,95.992
212,119.84599999999999
213,97.773
214,105.45800000000001
215,87.864
216,91.72899999999998
217,127.139
218,118.699
219,92.54299999999999
220,121.61699999999999
221,89.228
222,144.203
223,87.666
224,144.827
225,84.33100000000002
226,146.59900000000002
227,85.269
228,78.601
229,81.414
230,90.479
231,88.708
232,83.91499999999999
233,120.158
234,91.72899999999998
235,84.33100000000002
236,124.22200000000001
237,84.33100000000002
238,86.83200000000001
239,84.33100000000002
240,118.595
241,112.63800000000002
242,86.83200000000001
243,84.74900000000001
244,124.42999999999999
245,123.579
246,118.491
247,87.97800000000001
248,117.345
249,121.635
250,89.84400000000002
251,115.886
252,120.158
253,120.57499999999999
254,123.38799999999999
255,119.40899999999999
256,120.158
257,123.179
258,86.41499999999999
259,89.84400000000002
260,139.95499999999998
261,89.958
262,89.228
263,84.33100000000002
264,121.50299999999999
265,86.311
266,117.136
267,118.377
268,87.97800000000001
269,105.45800000000001
270,118.699
271,123.179
272,87.97800000000001
273,142.639
274,89.228
275,85.165
276,119.949
277,105.77000000000001
278,84.33100000000002
279,101.402
280,93.90700000000001
281,82.446
282,85.165
283,86.39500000000001
284,101.715
285,110.571
286,85.165
287,87.97800000000001
288,85.06100000000002
289,112.447
290,117.136
291,112.53299999999999
292,114.948
293,118.07399999999998
294,137.84700000000004
295,86.83200000000001
296,85.269
297,119.94999999999999
298,93.575
299,120.55499999999998
300,90.479
301,89.62600000000002
302,120.56500000000001
303,125.993
304,119.533
305,86.83200000000001
306,86.83200000000001
307,114.74000000000001
308,119.32399999999998
309,90.479
310,86.301
311,122.659
312,125.88899999999998
313,86.83200000000001
314,82.56
315,81.83000000000001
316,86.727
317,85.165
318,119.11599999999999
319,119.949
320,81.414
321,122.96099999999998
322,78.601
323,89.01
324,118.699
325,90.042
326,110.77099999999999
327,87.97800000000001
328,84.33100000000002
329,118.699
330,89.228
331,139.82600000000002
332,109.10500000000002
333,87.42700000000002
334,87.97800000000001
335,115.886
336,82.768
337,84.33100000000002
338,81.51800000000001
339,135.85799999999995
340,117.345
341,117.345
342,84.33100000000002
343,86.613
344,115.886
345,86.41499999999999
346,111.91800000000002
347,87.97800000000001
348,114.428
349,108.271
350,84.33100000000002
351,86.311
352,81.51800000000001
353,87.229
354,89.01
355,118.699
356,119.731
357,112.95000000000002
358,84.33100000000002
359,120.158
360,142.326
361,87.97800000000001
362,121.92899999999999
363,119.949
364,120.158
365,87.97800000000001
366,81.51800000000001
367,84.33100000000002
368,89.228
369,120.158
370,89.01
371,87.97800000000001
372,139.95499999999998
373,87.04
374,87.97800000000001
375,87.97800000000001
376,121.408
377,86.197
378,109.10500000000002
379,119.949
380,84.33100000000002
381,116.91799999999999
382,87.97800000000001
383,120.57499999999999
384,85.581
385,118.699
386,87.97800000000001
387,118.699
388,120.158
389,120.158
390,87.97800000000001
391,118.699
392,89.228
393,103.59800000000001
394,85.581
395,118.491
396,120.36599999999999
397,82.446
398,121.408
399,87.97800000000001
400,85.581
401,85.165
402,120.158
403,117.96
404,144.192
405,129.848
406,87.97800000000001
407,87.97800000000001
408,87.229
409,117.345
410,120.14799999999998
411,82.66399999999999
412,85.165
413,144.088
414,102.652
415,101.402
416,145.531
417,126.72200000000001
418,89.01
419,89.01
420,87.97800000000001
421,117.032
422,115.886
423,87.97800000000001
424,123.38799999999999
425,117.449
426,121.19
427,86.39500000000001
428,87.97800000000001
429,118.699
430,108.271
431,119.949
432,118.699
433,91.62500000000001
434,85.581
435,87.97800000000001
436,142.639
437,120.57499999999999
438,89.228
439,121.408
440,108.68799999999999
441,115.886
442,84.33100000000002
443,89.228
444,85.165
445,122.023
446,121.92899999999999
447,92.87500000000001
448,118.595
449,110.98000000000002
450,121.19
451,87.97800000000001
452,118.273
453,85.36300000000001
454,84.33100000000002
455,85.165
456,121.408
457,84.33100000000002
458,84.33100000000002
459,141.285
460,81.51800000000001
461,117.345
462,89.01
463,84.33100000000002
464,118.699
465,111.91800000000002
466,81.51800000000001
467,112.75200000000001
468,87.97800000000001
469,87.97800000000001
470,120.158
471,118.16799999999999
472,118.699
473,87.97800000000001
474,117.345
475,85.165
476,85.36300000000001
477,120.158
478,84.33100000000002
479,86.197
480,89.01
481,120.158
482,115.886
483,88.708
484,87.44699999999999
485,117.345
486,85.581
487,118.699
488,140.972
489,85.36300000000001
490,120.158
491,85.581
492,98.91900000000001
493,87.97800000000001
494,87.97800000000001
495,85.36300000000001
496,87.97800000000001
497,88.81200000000001
498,84.33100000000002
499,141.285
500,87.97800000000001
501,108.271
502,137.558
503,84.33100000000002
504,120.158
505,117.65799999999999
506,123.38799999999999
507,87.97800000000001
508,89.228
509,84.33100000000002
510,84.33100000000002
511,120.76299999999999
512,91.62500000000001
513,89.228
514,109.10500000000002
515,85.36300000000001
516,102.64500000000001
517,87.97800000000001
518,85.36300000000001
519,117.241
520,168.881
521,899.5489999999996
522,90.335
523,119.949
524,85.581
525,87.97800000000001
526,84.33100000000002
527,86.41499999999999
528,117.136
529,87.97800000000001
530,85.581
531,84.33100000000002
532,119.731
533,86.311
534,82.446
535,124.63799999999999
536,87.97800000000001
537,91.62500000000001
538,89.228
539,117.032
540,111.91800000000002
541,85.581
542,120.158
543,114.219
544,126.618
545,124.42
546,115.56500000000001
547,121.19999999999999
548,122.659
549,140.973
550,143.78600000000003
551,86.83200000000001
552,94.12600000000002
553,121.40899999999999
554,122.659
555,90.479
556,87.666
557,88.08200000000001
558,90.479
559,124.42999999999999
560,124.42999999999999
561,85.999
562,86.83200000000001
563,121.19999999999999
564,98.27399999999999
565,122.659
566,123.69099999999999
567,87.864
568,86.83200000000001
569,142.943
570,86.83200000000001
571,90.479
572,122.659
573,84.019
574,114.844
575,117.657
576,86.727
577,84.72800000000001
578,84.33100000000002
579,123.38799999999999
580,118.699
581,120.86699999999998
582,119.949
583,90.25999999999999
584,121.19
585,90.25999999999999
586,116.198
587,81.51800000000001
588,110.13700000000001
589,121.19
590,84.33100000000002
591,115.886
592,89.01
593,119.84599999999999
594,119.84599999999999
595,94.12600000000002
596,86.83200000000001
597,88.792
598,120.158
599,84.33100000000002
600,90.479
601,122.659
602,87.864
603,89.114
604,86.83200000000001
605,172.31
606,123.69099999999999
607,123.69099999999999
608,90.479
609,120.158
610,121.19
611,91.72899999999998
612,95.376
613,129.22299999999998
614,89.114
615,121.19999999999999
616,112.63800000000002
617,91.31300000000002
618,90.479
619,143.359
620,84.41599999999998
621,90.479
622,119.84599999999999
623,90.479
624,88.91599999999998
625,87.864
626,90.479
627,91.31300000000002
628,88.08200000000001
629,122.659
630,123.909
631,135.546
632,123.07599999999998
633,84.33100000000002
634,87.56200000000001
635,90.479
636,125.68
637,125.88899999999998
638,87.864
639,91.511
640,118.28299999999999
641,90.479
642,120.669
643,119.32399999999998
644,122.44999999999999
645,113.27199999999998
646,143.88899999999998
647,87.97800000000001
648,124.42999999999999
649,88.91599999999998
650,85.269
651,119.63699999999999
652,122.232
653,84.019
654,94.12600000000002
655,122.659
656,116.616
657,119.84599999999999
658,86.83200000000001
659,91.511
780,85.581
781,114.11499999999998
782,111.71799999999999
783,84.33100000000002
784,85.581
785,114.11499999999998
786,111.30199999999999
787,83.498
788,81.414
789,85.581
790,117.032
791,114.11499999999998
792,114.11499999999998
793,103.816
794,86.301
795,81.414
796,117.032
797,84.33100000000002
798,84.33100000000002
799,85.06100000000002
800,85.165
801,84.33100000000002
802,116.72
803,81.51800000000001
804,85.581
805,117.032
806,114.219
807,118.59499999999998
808,116.61599999999999
809,134.92900000000003
810,81.51800000000001
811,89.01
812,86.09300000000002
813,117.449
814,79.85099999999998
815,90.479
816,83.498
817,82.66399999999999
818,84.33100000000002
819,87.56200000000001
820,81.414
821,139.513
822,109.843
823,85.581
824,135.242
825,85.06100000000002
826,114.11499999999998
827,78.601
828,85.06100000000002
829,86.83200000000001
830,84.33100000000002
831,117.032
832,91.72899999999998
833,114.11499999999998
834,115.57299999999998
835,114.11499999999998
836,110.88499999999999
837,81.91499999999999
838,89.228
839,85.165
840,105.041
841,149.01999999999998
842,111.50099999999999
843,81.414
844,85.165
845,82.24800000000002
846,83.696
847,86.83200000000001
848,83.91499999999999
849,105.45800000000001
850,81.414
851,84.33100000000002
852,160.214
853,116.283
854,85.06100000000002
855,138.05499999999998
856,87.97800000000001
857,116.61599999999999
858,146.26600000000002
859,90.65800000000002
860,112.13499999999999
861,111.30199999999999
862,90.042
863,81.414
864,90.479
865,89.228
866,109.30300000000001
867,88.812
868,116.605
869,88.812
870,94.12600000000002
871,113.16700000000002
872,117.34499999999998
873,115.57299999999998
874,119.533
875,84.33100000000002
876,89.228
877,84.019
878,102.54100000000003
879,112.13499999999999
880,85.165
881,118.282
882,121.512
883,140.972
884,86.50900000000001
885,114.53099999999999
886,79.85099999999998
887,114.11499999999998
888,87.97800000000001
889,117.032
890,114.219
891,130.98399999999998
892,87.97800000000001
893,110.77099999999999
894,117.032
895,113.802
896,81.414
897,85.781
898,105.45800000000001
899,118.67999999999998
900,83.91499999999999
901,105.876
902,78.278
903,108.668
904,79.01700000000001
905,76.10000000000001
906,85.477
907,132.84500000000003
908,87.97800000000001
909,85.06100000000002
910,119.533
911,85.165
912,83.91499999999999
913,81.51800000000001
914,91.62500000000001
915,88.812
916,86.83200000000001
917,84.74900000000001
918,113.38599999999998
919,114.11499999999998
920,118.07399999999998
921,119.533
922,113.80299999999998
923,116.61599999999999
924,116.72
925,115.365
926,114.71200000000002
927,85.979
928,87.864
929,91.31300000000002
930,105.45800000000001
931,116.72
932,111.30199999999999
933,110.772
934,82.55000000000001
935,127.03499999999998
936,83.91499999999999
937,143.60199999999998
938,86.41499999999999
939,120.262
940,90.479
941,89.228
942,87.97800000000001
943,87.97800000000001
944,120.262
945,111.093
946,116.61599999999999
947,120.56500000000001
948,87.97800000000001
949,117.86599999999999
950,118.576
951,94.12600000000002
952,86.19699999999999
953,122.76299999999999
954,82.66399999999999
955,89.228
956,119.533
957,86.83200000000001
958,120.262
959,140.24300000000002
960,115.052
961,90.479
962,89.228
963,84.33100000000002
964,87.666
965,118.282
966,120.56500000000001
967,114.41900000000001
968,117.032
969,85.581
970,117.97
971,81.51800000000001
972,88.91599999999998
973,78.601
974,120.783
975,94.12600000000002
976,90.479
977,114.219
978,109.548
979,82.55000000000001
980,84.33100000000002
981,83.91499999999999
982,116.72
983,201.012
984,117.97
985,105.146
986,121.29399999999998
987,87.56200000000001
988,140.66000000000003
989,119.533
990,83.28000000000002
991,117.34499999999998
992,91.074
993,117.032
994,86.09300000000002
995,114.00999999999999
996,82.24800000000002
997,120.56500000000001
998,116.72
999,110.13700000000001
1000,142.004
1001,140.972
1002,140.972
1003,118.80299999999998
1004,91.62500000000001
1005,107.854
1006,108.271
1007,82.664
1008,114.53099999999999
1009,108.27
1010,137.731
1011,109.001
1012,101.003
1013,140.242
1014,91.62500000000001
1015,114.11499999999998
1016,115.365
1017,86.197
1018,100.899
1019,113.584
1020,89.01
1021,115.57299999999998
1022,113.802
1023,81.414
1024,87.97800000000001
1025,85.165
1026,106.188
1027,87.97800000000001
1028,114.83399999999999
1029,112.656
1030,91.29199999999999
1031,84.33100000000002
1032,83.47800000000001
1033,136.70000000000002
1034,140.972
1035,86.09300000000002
1036,85.06100000000002
1037,84.33100000000002
1038,87.97800000000001
1039,90.25999999999999
1040,81.414
1041,115.46900000000001
1042,87.97800000000001
1043,114.11499999999998
1044,120.76299999999999
1045,82.66399999999999
1046,83.47800000000001
1047,117.032
1048,87.97800000000001
1049,111.91800000000002
1050,86.41499999999999
1051,114.11499999999998
1052,114.219
1053,87.97800000000001
1054,121.512
1055,98.589
1056,98.589
1057,89.228
1058,119.18500000000002
1059,113.906
1060,143.43500000000003
1061,116.823
1062,89.01
1063,164.565
1064,87.97800000000001
1065,114.84399999999998
1066,117.241
1067,109.001
1068,99.649
1069,115.46900000000001
1070,85.06100000000002
1071,130.131
1072,86.09300000000002
1073,118.282
1074,121.408
1075,121.597
1076,114.11499999999998
1077,92.65700000000001
1078,112.334
1079,109.001
1080,120.262
1081,82.66399999999999
1082,116.605
1083,142.72299999999998
1084,89.01
1085,108.792
1086,78.601
1087,84.33100000000002
1088,117.032
1089,87.97800000000001
1090,140.972
1091,85.06100000000002
1092,89.01
1093,112.656
1094,121.512
1095,82.55000000000001
1096,117.032
1097,87.97800000000001
1098,111.093
1099,117.345
1100,82.24800000000002
1101,115.782
1102,103.57300000000002
1103,81.414
1104,78.91300000000001
1105,85.581
1106,87.97800000000001
1107,85.165
1108,86.09300000000002
1109,110.77099999999999
1110,84.31200000000001
1111,135.242
1112,113.906
1113,84.33100000000002
1114,108.297
1115,80.665
1116,115.147
1117,82.768
1118,85.581
1119,114.11499999999998
1120,179.15300000000002
1121,78.91300000000001
1122,117.02199999999999
1123,98.91900000000001
1124,87.97800000000001
1125,90.042
1126,112.55199999999999
1127,83.696
1128,89.01
1129,117.345
1130,85.165
1131,84.33100000000002
1132,114.11499999999998
1133,85.06100000000002
1134,84.33100000000002
1135,87.97800000000001
1136,88.708
1137,89.228
1138,85.581
1139,91.62500000000001
1140,81.414
1141,83.81
1142,85.477
1143,85.477
1144,82.56
1145,83.59200000000001
1146,120.262
1147,84.33100000000002
1148,87.97800000000001
1149,81.414
1150,87.97800000000001
1151,114.11499999999998
1152,84.33100000000002
1153,87.97800000000001
1154,82.24800000000002
1155,117.032
1156,136.28300000000002
1157,87.97800000000001
1158,86.39500000000001
1159,81.414
1160,87.97800000000001
1161,123.38799999999999
1162,108.80900000000001
1163,89.228
1164,117.345
1165,81.51800000000001
1166,120.158
1167,82.768
1168,89.01
1169,114.11499999999998
1170,114.11499999999998
1171,115.365
1172,117.032
1173,117.241
1174,139.08700000000005
1175,85.06100000000002
1176,117.449
1177,92.65700000000001
1178,105.35400000000003
1179,89.228
1180,84.33100000000002
1181,80.665
1182,85.581
1183,112.55199999999999
1184,85.06100000000002
1185,111.50099999999999
1186,120.158
1187,122.53500000000001
1188,89.228
1189,117.032
1190,115.57299999999998
1191,85.165
1192,120.47099999999999
1193,118.282
1194,84.33100000000002
1195,115.46900000000001
1196,114.11499999999998
1197,118.064
1198,113.669
1199,82.24800000000002
1200,114.219
1201,81.414
1202,84.33100000000002
1203,117.241
1204,84.33100000000002
1205,118.491
1206,117.032
1207,114.219
1208,111.917
1209,136.889
1210,84.33100000000002
1211,82.66399999999999
1212,115.57299999999998
1213,114.219
1214,85.06100000000002
1215,86.613
1216,84.33100000000002
1217,120.158
1218,120.158
1219,117.032
1220,89.01
1221,86.197
1222,84.33100000000002
1223,78.601
1224,87.97800000000001
1225,85.06100000000002
1226,116.283
1227,82.66399999999999
1228,115.147
1229,117.032
1230,118.491
1231,87.97800000000001
1232,81.414
1233,90.99
1234,114.11499999999998
1235,89.74000000000001
1236,85.06100000000002
1237,120.12800000000001
1238,89.01
1239,89.228
1240,81.414
1241,95.272
1242,87.97800000000001
1243,135.346
1244,89.01
1245,91.62500000000001
1246,91.62500000000001
1247,87.97800000000001
1248,118.282
1249,85.06100000000002
1250,84.33100000000002
1251,85.06100000000002
1252,115.365
1253,89.228
1254,92.87500000000001
1255,109.52999999999999
1256,118.064
1257,108.792
1258,140.11900000000003
1259,113.802
1260,85.165
1261,123.25399999999999
1262,165.642
1263,85.165
1264,129.92800000000003
1265,86.50900000000001
1266,88.08200000000001
1267,87.666
1268,116.92899999999999
1269,129.64
1270,102.15
1271,125.88899999999998
1272,85.999
1273,86.83200000000001
1274,116.72
1275,86.83200000000001
1276,116.51099999999998
1277,117.86599999999999
1278,119.84599999999998
1279,89.948
1280,87.56200000000001
1281,115.05299999999998
1282,119.211
1283,87.56200000000001
1284,90.479
1285,116.61599999999999
1286,87.56200000000001
1287,144.19199999999995
1288,79.633
1289,84.947
1290,116.18100000000001
1291,85.05100000000002
1292,94.607
1293,116.72
1294,85.05100000000002
1295,132.62899999999996
1296,81.102
1297,89.72999999999999
1298,112.344
1299,117.97
1300,118.38699999999999
1301,117.649
1302,117.75199999999998
1303,116.72
1304,90.479
1305,84.74900000000001
1306,87.97800000000001
1307,86.83200000000001
1308,119.84599999999998
1309,90.479
1310,82.24800000000002
1311,86.83200000000001
1312,116.72
1313,90.479
1314,92.563
1315,87.56200000000001
1316,87.56200000000001
1317,140.66000000000003
1318,83.28000000000002
1319,110.772
1320,89.948
1321,89.62600000000002
1322,90.479
1323,137.74300000000002
1324,90.479
1325,85.781
1326,123.69099999999999
1327,83.91499999999999
1328,86.19699999999999
1329,87.864
1330,115.26099999999998
1331,83.91499999999999
1332,90.25999999999999
1333,90.479
1334,129.81599999999997
1335,108.37599999999998
1336,110.45899999999997
1337,85.165
1338,81.102
1339,87.666
1340,113.80299999999998
1341,114.41900000000001
1342,87.56200000000001
1343,84.019
1344,117.86599999999999
1345,116.61599999999999
1346,86.83200000000001
1347,122.659
1348,87.666
1349,87.56200000000001
1350,118.07399999999998
1351,83.91499999999999
1352,91.511
1353,90.06200000000001
1354,118.07399999999998
1355,91.72899999999998
1356,91.72899999999998
1357,90.479
1358,84.74900000000001
1359,119.84599999999999
1360,116.283
1361,145.97299999999998
1362,83.91499999999999
1363,121.71099999999998
1364,87.97800000000001
1365,117.449
1366,86.83200000000001
1367,89.84400000000001
1368,87.666
1369,87.56200000000001
1370,114.41900000000001
1371,117.544
1372,86.83200000000001
1373,85.06100000000002
1374,87.56200000000001
1375,116.72
1376,87.666
1377,112.656
1378,86.81300000000002
1379,83.38399999999999
1500,117.032
1501,90.25999999999999
1502,86.83200000000001
1503,119.63699999999999
1504,88.08200000000001
1505,84.019
1506,84.33100000000002
1507,115.26099999999998
1508,85.36300000000001
1509,113.792
1510,122.76299999999999
1511,84.33100000000002
1512,90.479
1513,119.949
1514,86.83200000000001
1515,120.56500000000001
1516,86.83200000000001
1517,119.106
1518,84.33100000000002
1519,121.29399999999998
1520,91.31300000000002
1521,121.408
1522,118.699
1523,121.19999999999999
1524,85.581
1525,87.97800000000001
1526,91.511
1527,86.83200000000001
1528,84.33100000000002
1529,84.123
1530,117.032
1531,118.064
1532,124.42
1533,81.51800000000001
1534,84.33100000000002
1535,88.08200000000001
1536,123.69099999999999
1537,119.533
1538,85.36300000000001
1539,92.76099999999998
1540,87.864
1541,126.72200000000001
1542,125.88899999999998
1543,116.605
1544,91.511
1545,121.92899999999999
1546,109.74600000000001
1547,143.89000000000001
1548,86.83200000000001
1549,91.511
1550,110.89200000000001
1551,88.08200000000001
1552,117.032
1553,87.864
1554,86.83200000000001
1555,90.479
1556,84.33100000000002
1557,91.31300000000002
1558,88.08200000000001
1559,84.33100000000002
1560,145.86900000000003
1561,107.959
1562,90.479
1563,122.659
1564,88.89600000000002
1565,118.699
1566,84.33100000000002
1567,119.84599999999999
1568,87.864
1569,118.07399999999998
1570,121.92899999999999
1571,125.88899999999998
1572,202.36700000000002
1573,84.019
1574,81.51800000000001
1575,163.141
1576,86.83200000000001
1577,85.581
1578,90.479
1579,117.97
1580,86.197
1581,116.823
1582,110.772
1583,86.83200000000001
1584,85.36300000000001
1585,111.91800000000002
1586,85.269
1587,122.659
1588,122.659
1589,87.666
1590,119.84599999999999
1591,84.61400000000002
1592,87.666
1593,84.019
1594,126.72200000000001
1595,141.701
1596,86.83200000000001
1597,86.83200000000001
1598,84.33100000000002
1599,81.51800000000001
1600,123.38799999999999
1601,90.479
1602,119.73099999999998
1603,88.08200000000001
1604,119.63699999999999
1605,82.768
1606,120.262
1607,116.91799999999999
1608,111.91800000000002
1609,85.36300000000001
1610,90.479
1611,115.886
1612,90.479
1613,85.165
1614,116.72
1615,121.19999999999999
1616,90.479
1617,117.032
1618,84.33100000000002
1619,81.51800000000001
1620,125.88899999999998
1621,87.97800000000001
1622,115.57299999999998
1623,120.36599999999999
1624,135.85799999999995
1625,87.97800000000001
1626,84.019
1627,122.659
1628,136.1
1629,85.581
1630,119.627
1631,85.36300000000001
1632,117.032
1633,115.886
1634,84.33100000000002
1635,84.33100000000002
1636,105.45800000000001
1637,85.36300000000001
1638,123.69099999999999
1639,86.301
1640,90.479
1641,121.408
1642,87.97800000000001
1643,85.165
1644,86.83200000000001
1645,86.83200000000001
1646,115.98999999999998
1647,85.581
1648,84.33100000000002
1649,86.83200000000001
1650,117.345
1651,118.282
1652,118.699
1653,116.39900000000002
1654,92.87500000000001
1655,84.33100000000002
1656,141.285
1657,82.768
1658,90.479
1659,84.33100000000002
1660,121.81499999999998
1661,124.326
1662,86.83200000000001
1663,85.36300000000001
1664,90.479
1665,81.51800000000001
1666,86.83200000000001
1667,84.33100000000002
1668,118.16799999999999
1669,84.33100000000002
1670,90.479
1671,81.51800000000001
1672,88.08200000000001
1673,122.44
1674,84.33100000000002
1675,89.228
1676,90.479
1677,113.802
1678,118.282
1679,85.581
1680,122.659
1681,119.949
1682,82.55000000000001
1683,87.97800000000001
1684,90.479
1685,121.512
1686,88.08200000000001
1687,86.83200000000001
1688,90.479
1689,118.07399999999998
1690,120.158
1691,84.33100000000002
1692,107.959
1693,118.80299999999998
1694,105.06700000000001
1695,81.51800000000001
1696,122.659
1697,85.36300000000001
1698,81.51800000000001
1699,84.33100000000002
1700,110.45899999999997
1701,87.97800000000001
1702,121.19999999999999
1703,110.13700000000001
1704,143.785
1705,86.613
1706,116.198
1707,81.83000000000001
1708,84.33100000000002
1709,81.51800000000001
1710,85.36300000000001
1711,84.33100000000002
1712,85.165
1713,120.158
1714,119.533
1715,90.479
1716,90.479
1717,86.83200000000001
1718,88.08200000000001
1719,141.91
1720,121.19999999999999
1721,88.08200000000001
1722,120.356
1723,121.19999999999999
1724,119.94999999999999
1725,144.827
1726,122.659
1727,124.42999999999999
1728,116.303
1729,111.804
1730,91.511
1731,124.42999999999999
1732,90.479
1733,84.019
1734,122.659
1735,114.41900000000001
1736,121.09599999999999
1737,86.83200000000001
1738,114.41900000000001
1739,145.661
1740,84.019
1741,120.679
1742,90.479
1743,120.783
1744,86.83200000000001
1745,122.64899999999999
1746,91.72899999999998
1747,90.479
1748,143.36900000000003
1749,119.32399999999998
1750,118.38699999999999
1751,123.909
1752,110.772
1753,94.12600000000002
1754,119.533
1755,91.72899999999998
1756,86.83200000000001
1757,84.019
1758,84.019
1759,87.666
1760,86.83200000000001
1761,84.019
1762,84.019
1763,122.659
1764,138.35899999999998
1765,94.12600000000002
1766,114.41900000000001
1767,124.42999999999999
1768,94.12600000000002
1769,87.666
1770,86.83200000000001
1771,119.533
1772,86.83200000000001
1773,165.94500000000002
1774,91.511
1775,90.479
1776,90.479
1777,117.032
1778,124.94099999999999
1779,122.44999999999999
1780,143.473
1781,122.659
1782,122.659
1783,122.659
1784,90.479
1785,90.479
1786,110.772
1787,86.83200000000001
1788,143.81
1789,86.83200000000001
1790,90.479
1791,122.659
1792,116.72
1793,112.361
1794,87.864
1795,124.42999999999999
1796,125.88899999999998
1797,106.317
1798,87.864
1799,123.909
1800,87.666
1801,111.49099999999999
1802,90.479
1803,84.019
1804,127.139
1805,121.19999999999999
1806,122.659
1807,91.511
1808,110.772
1809,86.83200000000001
1810,118.07399999999998
1811,122.44999999999999
1812,87.864
1813,86.83200000000001
1814,90.146
1815,86.83200000000001
1816,87.864
1817,90.479
1818,118.38699999999999
1819,86.83200000000001
1820,141.692
1821,120.679
1822,92.76099999999998
1823,114.84399999999998
1824,119.84599999999999
1825,86.83200000000001
1826,121.19999999999999
1827,86.83200000000001
1828,87.864
1829,123.69099999999999
1830,119.106
1831,124.94099999999999
1832,134.71199999999996
1833,116.303
1834,146.59900000000002
1835,88.08200000000001
1836,91.62500000000001
1837,119.533
1838,88.08200000000001
1839,91.72899999999998
1840,124.94099999999999
1841,91.72899999999998
1842,89.114
1843,86.83200000000001
1844,91.72899999999998
1845,86.83200000000001
1846,88.08200000000001
1847,152.32899999999998
1848,91.72899999999998
1849,99.023
1850,122.659
1851,142.327
1852,125.88899999999998
1853,120.87799999999999
1854,89.948
1855,90.479
1856,91.31300000000002
1857,86.83200000000001
1858,84.019
1859,91.794
1860,87.864
1861,90.479
1862,86.83200000000001
1863,119.84599999999999
1864,87.864
1865,84.33100000000002
1866,121.19999999999999
1867,85.05100000000002
1868,90.479
1869,88.08200000000001
1870,90.479
1871,90.479
1872,86.83200000000001
1873,122.659
1874,90.479
1875,85.05100000000002
1876,91.511
1877,88.08200000000001
1878,94.12600000000002
1879,122.659
1880,118.282
1881,118.07399999999998
1882,90.479
1883,122.659
1884,86.83200000000001
1885,121.19999999999999
1886,81.51800000000001
1887,90.479
1888,143.04600000000002
1889,90.479
1890,86.83200000000001
1891,122.659
1892,91.72899999999998
1893,145.14000000000001
1894,91.511
1895,119.21999999999998
1896,87.864
1897,90.479
1898,118.38699999999999
1899,86.83200000000001
1900,86.83200000000001
1901,90.479
1902,123.909
1903,139.201
1904,88.08200000000001
1905,84.019
1906,86.83200000000001
1907,94.12600000000002
1908,88.08200000000001
1909,86.83200000000001
1910,118.38699999999999
1911,86.83200000000001
1912,119.84599999999999
1913,84.019
1914,90.146
1915,114.41900000000001
1916,84.019
1917,119.533
1918,123.07599999999998
1919,118.90000000000002
1920,122.659
1921,90.479
1922,87.666
1923,119.84599999999999
1924,116.72
1925,86.83200000000001
1926,110.772
1927,124.42999999999999
1928,122.659
1929,116.919
1930,115.876
1931,118.07399999999998
1932,90.479
1933,124.42999999999999
1934,89.01
1935,88.08200000000001
1936,119.533
1937,121.19999999999999
1938,120.56500000000001
1939,121.81499999999998
1940,86.83200000000001
1941,81.51800000000001
1942,84.019
1943,86.83200000000001
1944,88.08200000000001
1945,122.44999999999999
1946,123.795
1947,123.69099999999999
1948,116.72
1949,108.271
1950,86.83200000000001
1951,136.70000000000002
1952,88.08200000000001
1953,85.269
1954,97.773
1955,90.479
1956,116.50099999999999
1957,119.94999999999999
1958,87.864
1959,120.158
1960,89.228
1961,113.27199999999998
1962,90.479
1963,117.449
1964,81.51800000000001
1965,117.032
1966,86.83200000000001
1967,123.38799999999999
1968,146.16200000000003
1969,84.33100000000002
1970,116.91799999999999
1971,120.57499999999999
1972,147.43200000000002
1973,91.72899999999998
1974,121.19999999999999
1975,144.50500000000002
1976,94.12600000000002
1977,85.05100000000002
1978,135.546
1979,123.909
1980,90.479
1981,90.479
1982,90.479
1983,86.83200000000001
1984,87.97800000000001
1985,122.659
1986,87.97800000000001
1987,108.991
1988,142.01399999999998
1989,87.864
1990,91.511
1991,110.772
1992,92.54299999999999
1993,122.659
1994,118.07399999999998
1995,116.919
1996,117.75199999999998
1997,121.19999999999999
1998,95.15800000000002
1999,121.19999999999999
2000,114.41900000000001
2001,91.511
2002,126.921
2003,86.83200000000001
2004,121.81499999999998
2005,111.60600000000001
2006,142.01399999999998
2007,119.533
2008,90.479
2009,85.269
2010,122.659
2011,146.59900000000002
2012,91.511
2013,87.864
2014,122.659
2015,125.88899999999998
2016,139.296
2017,111.49099999999999
2018,83.18500000000002
2019,117.96999999999998
2020,88.08200000000001
2021,122.659
2022,123.69099999999999
2023,84.019
2024,88.08200000000001
2025,122.659
2026,114.41900000000001
2027,126.921
2028,86.83200000000001
2029,90.479
2030,90.479
2031,125.88899999999998
2032,90.479
2033,91.72899999999998
2034,123.69099999999999
2035,142.039
2036,119.533
2037,90.479
2038,90.479
2039,122.128
2040,86.83200000000001
2041,87.666
2042,121.19999999999999
2043,91.72899999999998
2044,88.91599999999998
2045,116.008
2046,121.30399999999997
2047,194.89399999999998
2048,114.41900000000001
2049,94.12600000000002
2050,90.479
2051,90.479
2052,86.83200000000001
2053,87.666
2054,110.13700000000001
2055,86.83200000000001
2056,86.83200000000001
2057,91.511
2058,87.864
2059,87.666
2060,86.83200000000001
2061,90.479
2062,122.76299999999999
2063,88.698
2064,110.772
2065,95.15800000000002
2066,124.94099999999999
2067,94.12600000000002
2068,92.54299999999999
2069,123.69099999999999
2070,90.479
2071,145.14000000000001
2072,88.08200000000001
2073,110.772
2074,86.83200000000001
2075,88.08200000000001
2076,91.511
2077,121.30399999999997
2078,120.56500000000001
2079,125.46199999999999
2080,90.479
2081,170.53900000000004
2082,125.88899999999998
2083,120.56500000000001
2084,134.243
2085,85.269
2086,121.19999999999999
2087,86.41499999999999
2088,88.91599999999998
2089,95.376
2090,119.533
2091,86.83200000000001
2092,119.533
2093,87.666
2094,86.83200000000001
2095,89.541
2096,122.659
2097,122.44999999999999
2098,90.479
2099,86.83200000000001
2220,87.97800000000001
2221,117.032
2222,87.97800000000001
2223,117.032
2224,129.398
2225,83.915
2226,84.33100000000002
2227,113.479
2228,116.823
2229,87.97800000000001
2230,87.97800000000001
2231,76.516
2232,111.71799999999999
2233,82.86200000000001
2234,114.219
2235,84.33100000000002
2236,85.06100000000002
2237,118.064
2238,87.97800000000001
2239,114.219
2240,89.228
2241,121.29399999999998
2242,114.219
2243,85.165
2244,87.97800000000001
2245,115.57299999999998
2246,121.29399999999998
2247,117.032
2248,117.032
2249,99.753
2250,85.581
2251,87.97800000000001
2252,84.33100000000002
2253,117.032
2254,112.75999999999999
2255,87.97800000000001
2256,117.032
2257,127.33999999999999
2258,117.032
2259,91.074
2260,120.262
2261,84.33100000000002
2262,84.33100000000002
2263,117.032
2264,114.83399999999999
2265,117.032
2266,117.032
2267,87.97800000000001
2268,138.159
2269,84.33100000000002
2270,85.581
2271,114.219
2272,87.97800000000001
2273,84.33100000000002
2274,89.228
2275,84.33100000000002
2276,86.197
2277,86.197
2278,117.032
2279,84.33100000000002
2280,87.97800000000001
2281,84.33100000000002
2282,113.697
2283,111.605
2284,115.25099999999999
2285,84.33100000000002
2286,121.512
2287,87.97800000000001
2288,84.33100000000002
2289,111.91800000000002
2290,84.33100000000002
2291,84.33100000000002
2292,117.032
2293,111.91800000000002
2294,86.41499999999999
2295,113.802
2296,140.972
2297,84.33100000000002
2298,87.97800000000001
2299,87.97800000000001
2300,100.169
2301,117.449
2302,115.57299999999998
2303,89.01
2304,117.032
2305,117.032
2306,81.51800000000001
2307,84.33100000000002
2308,86.39500000000001
2309,85.165
2310,87.97800000000001
2311,85.165
2312,87.97800000000001
2313,85.581
2314,93.70899999999999
2315,82.55000000000001
2316,81.51800000000001
2317,84.33100000000002
2318,85.165
2319,120.262
2320,81.51800000000001
2321,116.283
2322,117.032
2323,89.01
2324,84.33100000000002
2325,84.33100000000002
2326,138.159
2327,107.95799999999998
2328,90.25999999999999
2329,85.165
2330,114.219
2331,84.33100000000002
2332,87.97800000000001
2333,110.77099999999999
2334,111.91800000000002
2335,84.33100000000002
2336,83.58200000000001
2337,84.33100000000002
2338,118.282
2339,117.032
2340,87.97800000000001
2341,139.642
2342,122.743
2343,115.25099999999999
2344,108.271
2345,85.165
2346,88.81200000000001
2347,84.33100000000002
2348,128.09500000000003
2349,114.11499999999998
2350,121.512
2351,84.33100000000002
2352,117.032
2353,87.97800000000001
2354,122.326
2355,84.33100000000002
2356,89.01
2357,111.91800000000002
2358,115.57299999999998
2359,88.81200000000001
2360,81.51800000000001
2361,88.81200000000001
2362,117.032
2363,117.032
2364,120.262
2365,114.219
2366,87.97800000000001
2367,118.064
2368,113.802
2369,82.768
2370,140.972
2371,85.165
2372,84.33100000000002
2373,110.779
2374,93.917
2375,112.02999999999999
2376,112.02999999999999
2377,81.83000000000001
2378,81.83000000000001
2379,82.664
2380,79.01700000000001
2381,82.86200000000001
2382,105.77000000000001
2383,82.664
2384,86.311
2385,79.01700000000001
2386,119.096
2387,116.50099999999999
2388,84.33100000000002
2389,117.032
2390,85.581
2391,140.972
2392,120.262
2393,84.33100000000002
2394,143.472
2395,119.314
2396,143.473
2397,120.783
2398,88.08200000000001
2399,122.76299999999999
2400,90.479
2401,88.91599999999998
2402,90.479
2403,91.511
2404,119.533
2405,108.991
2406,94.12600000000002
2407,87.666
2408,90.479
2409,119.533
2410,116.303
2411,119.533
2412,84.019
2413,119.533
2414,88.08200000000001
2415,85.05100000000002
2416,117.951
2417,85.269
2418,120.783
2419,119.533
2420,84.019
2421,114.219
2422,91.72899999999998
2423,87.666
2424,117.75199999999998
2425,119.533
2426,89.01
2427,122.76299999999999
2428,89.948
2429,119.533
2430,91.72899999999998
2431,86.83200000000001
2432,113.594
2433,87.666
2434,117.553
2435,86.83200000000001
2436,135.64899999999997
2437,90.479
2438,119.533
2439,119.533
2440,120.56500000000001
2441,119.533
2442,90.479
2443,91.72899999999998
2444,91.178
2445,116.72
2446,84.33100000000002
2447,91.511
2448,119.533
2449,87.864
2450,86.83200000000001
2451,119.533
2452,119.533
2453,125.04499999999997
2454,114.106
2455,122.76299999999999
2456,119.533
2457,86.83200000000001
2458,86.83200000000001
2459,119.94999999999999
2460,117.97
2461,122.76299999999999
2462,119.533
2463,91.72899999999998
2464,127.84300000000002
2465,110.36299999999999
2466,103.90299999999999
2467,116.407
2468,86.83200000000001
2469,84.019
2470,117.97
2471,143.473
2472,90.479
2473,86.83200000000001
2474,91.72899999999998
2475,120.783
2476,91.72899999999998
2477,116.72
2478,90.97999999999999
2479,119.533
2480,86.83200000000001
2481,93.575
2482,90.479
2483,133.04499999999996
2484,87.97800000000001
2485,89.01
2486,84.33100000000002
2487,117.032
2488,87.97800000000001
2489,84.33100000000002
2490,84.33100000000002
2491,118.282
2492,114.219
2493,114.219
2494,84.33100000000002
2495,86.39500000000001
2496,114.219
2497,87.97800000000001
2498,87.97800000000001
2499,104.91499999999999
2500,84.33100000000002
2501,100.983
2502,87.97800000000001
2503,85.36300000000001
2504,87.97800000000001
2505,101.402
2506,81.51800000000001
2507,102.652
2508,115.46900000000001
2509,87.97800000000001
2510,84.33100000000002
2511,102.64500000000001
2512,84.33100000000002
2513,144.098
2514,123.38799999999999
2515,109.10500000000002
2516,87.97800000000001
2517,81.51800000000001
2518,88.81200000000001
2519,117.032
2520,85.581
2521,121.19
2522,120.158
2523,124.28600000000002
2524,115.45
2525,120.158
2526,85.36300000000001
2527,87.97800000000001
2528,120.158
2529,87.97800000000001
2530,85.165
2531,123.38799999999999
2532,87.97800000000001
2533,120.158
2534,120.158
2535,144.51500000000001
2536,117.032
2537,117.032
2538,118.699
2539,120.158
2540,87.97800000000001
2541,87.97800000000001
2542,87.97800000000001
2543,120.158
2544,87.97800000000001
2545,87.97800000000001
2546,115.25099999999999
2547,120.158
2548,123.38799999999999
2549,86.197
2550,87.97800000000001
2551,117.345
2552,84.33100000000002
2553,123.38799999999999
2554,84.33100000000002
2555,86.41499999999999
2556,86.613
2557,87.97800000000001
2558,84.33100000000002
2559,87.97800000000001
2560,121.19
2561,85.165
2562,118.377
2563,85.165
2564,84.33100000000002
2565,128.38899999999998
2566,120.158
2567,85.06100000000002
2568,89.228
2569,123.38799999999999
2570,109.10500000000002
2571,114.428
2572,117.032
2573,123.38799999999999
2574,115.678
2575,122.753
2576,82.24800000000002
2577,90.042
2578,114.428
2579,82.66399999999999
2580,117.241
2581,81.414
2582,81.414
2583,120.262
2584,105.35400000000003
2585,113.68000000000002
2586,141.17999999999998
2587,81.414
2588,82.24800000000002
2589,81.414
2590,89.54200000000002
2591,85.06100000000002
2592,78.601
2593,90.479
2594,81.414
2595,122.659
2596,81.414
2597,85.06100000000002
2598,83.91499999999999
2599,86.19699999999999
2600,82.446
2601,82.24800000000002
2602,86.311
2603,117.76199999999999
2604,116.71
2605,114.11499999999998
2606,81.414
2607,86.09300000000002
2608,114.219
2609,84.33100000000002
2610,85.36300000000001
2611,87.666
2612,94.12600000000002
2613,85.581
2614,119.84599999999999
2615,119.84599999999999
2616,91.72899999999998
2617,90.479
2618,111.60600000000001
2619,91.511
2620,107.02799999999999
2621,87.97800000000001
2622,120.158
2623,117.032
2624,132.21099999999998
2625,143.89000000000001
2626,120.44099999999999
2627,84.33100000000002
2628,84.33100000000002
2629,144.098
2630,120.158
2631,115.25099999999999
2632,92.87500000000001
2633,87.97800000000001
2634,120.158
2635,147.328
2636,87.97800000000001
2637,89.01
2638,121.408
2639,120.158
2640,87.97800000000001
2641,94.12600000000002
2642,124.63799999999999
2643,87.97800000000001
2644,84.33100000000002
2645,109.10500000000002
2646,85.36300000000001
2647,118.064
2648,85.165
2649,146.16200000000003
2650,85.165
2651,81.51800000000001
2652,84.33100000000002
2653,84.33100000000002
2654,85.165
2655,87.97800000000001
2656,123.38799999999999
2657,127.41899999999995
2658,123.38799999999999
2659,82.55000000000001
2660,84.33100000000002
2661,87.97800000000001
2662,95.376
2663,89.228
2664,84.33100000000002
2665,121.60699999999999
2666,84.33100000000002
2667,87.666
2668,87.97800000000001
2669,117.345
2670,97.138
2671,87.97800000000001
2672,109.10500000000002
2673,89.228
2674,120.158
2675,124.63799999999999
2676,105.45800000000001
2677,137.00099999999998
2678,80.049
2679,79.01700000000001
2680,121.19
2681,120.158
2682,86.197
2683,120.158
2684,117.345
2685,87.97800000000001
2686,84.33100000000002
2687,84.33100000000002
2688,117.345
2689,81.51800000000001
2690,120.158
2691,84.33100000000002
2692,84.33100000000002
2693,90.042
2694,105.45800000000001
2695,99.023
2696,85.581
2697,85.165
2698,125.88899999999998
2699,85.581
2700,94.12600000000002
2701,121.29399999999998
2702,121.408
2703,89.228
2704,87.97800000000001
2705,168.66199999999998
2706,82.55000000000001
2707,133.07799999999997
2708,89.01
2709,87.97800000000001
2710,90.479
2711,90.479
2712,91.511
2713,123.909
2714,123.07599999999998
2715,91.511
2716,119.63699999999999
2717,95.15800000000002
2718,87.864
2719,86.301
2720,121.19999999999999
2721,86.83200000000001
2722,124.01299999999999
2723,109.84199999999998
2724,111.91800000000002
2725,117.345
2726,89.01
2727,120.158
2728,173.237
2729,120.158
2730,143.472
2731,90.479
2732,91.074
2733,91.62500000000001
2734,90.25999999999999
2735,83.58200000000001
2736,91.62500000000001
2737,81.51800000000001
2738,117.345
2739,110.77099999999999
2740,124.42
2741,84.33100000000002
2742,85.36300000000001
2743,85.165
2744,121.19
2745,85.165
2746,85.581
2747,84.33100000000002
2748,120.158
2749,87.97800000000001
2750,121.408
2751,89.01
2752,85.36300000000001
2753,85.581
2754,120.158
2755,121.408
2756,117.032
2757,139.82600000000002
2758,87.229
2759,122.44
2760,85.36300000000001
2761,87.97800000000001
2762,120.158
2763,87.97800000000001
2764,121.19
2765,87.97800000000001
2766,96.10600000000001
2767,87.97800000000001
2768,108.271
2769,84.33100000000002
2770,90.25999999999999
2771,88.81200000000001
2772,85.581
2773,148.36
2774,123.38799999999999
2775,84.33100000000002
2776,87.97800000000001
2777,121.19
2778,84.33100000000002
2779,86.197
2780,87.97800000000001
2781,111.605
2782,90.25999999999999
2783,84.33100000000002
2784,90.25999999999999
2785,84.33100000000002
2786,85.36300000000001
2787,87.97800000000001
2788,164.60000000000002
2789,115.25099999999999
2790,145.86900000000003
2791,87.97800000000001
2792,84.33100000000002
2793,121.19
2794,87.97800000000001
2795,117.345
2796,90.042
2797,84.33100000000002
2798,122.639
2799,81.51800000000001
2800,89.228
2801,85.165
2802,112.75200000000001
2803,84.33100000000002
2804,89.228
2805,89.01
2806,129.848
2807,118.064
2808,151.00900000000001
2809,85.581
2810,87.97800000000001
2811,89.228
2812,121.408
2813,81.51800000000001
2814,121.408
2815,89.01
2816,91.62500000000001
2817,87.42700000000002
2818,121.408
2819,98.91900000000001
2940,90.479
2941,87.97800000000001
2942,118.064
2943,117.032
2944,125.88899999999998
2945,107.959
2946,90.479
2947,109.10500000000002
2948,145.97299999999998
2949,86.83200000000001
2950,87.666
2951,86.83200000000001
2952,84.019
2953,91.72899999999998
2954,124.01299999999999
2955,86.83200000000001
2956,85.269
2957,117.97
2958,114.53099999999999
2959,114.53099999999999
2960,85.477
2961,84.33100000000002
2962,81.51800000000001
2963,122.54399999999998
2964,85.165
2965,117.032
2966,81.51800000000001
2967,117.032
2968,84.019
2969,86.83200000000001
2970,120.57499999999999
2971,84.33100000000002
2972,85.581
2973,84.33100000000002
2974,117.032
2975,118.064
2976,89.228
2977,81.51800000000001
2978,87.666
2979,88.81200000000001
2980,121.29399999999998
2981,116.823
2982,85.165
2983,119.533
2984,117.032
2985,84.33100000000002
2986,81.51800000000001
2987,120.262
2988,84.33100000000002
2989,121.29399999999998
2990,117.032
2991,118.282
2992,85.36300000000001
2993,81.51800000000001
2994,126.58499999999997
2995,144.51500000000001
2996,87.97800000000001
2997,84.33100000000002
2998,114.219
2999,86.613
3000,122.76299999999999
3001,82.55000000000001
3002,86.83200000000001
3003,84.33100000000002
3004,137.82699999999997
3005,108.271
3006,132.84500000000003
3007,126.31400000000004
3008,114.219
3009,114.219
3010,89.228
3011,90.479
3012,122.76299999999999
3013,121.597
3014,88.08200000000001
3015,98.607
3016,84.33100000000002
3017,118.07399999999998
3018,87.97800000000001
3019,86.83200000000001
3020,84.33100000000002
3021,86.83200000000001
3022,90.479
3023,122.326
3024,117.75199999999998
3025,124.82699999999998
3026,115.26099999999998
3027,140.556
3028,90.479
3029,88.08200000000001
3030,88.08200000000001
3031,86.83200000000001
3032,110.772
3033,88.08200000000001
3034,115.13799999999999
3035,87.666
3036,86.83200000000001
3037,86.83200000000001
3038,124.63799999999999
3039,88.08200000000001
3040,86.83200000000001
3041,86.83200000000001
3042,87.666
3043,86.83200000000001
3044,119.533
3045,119.533
3046,86.83200000000001
3047,117.449
3048,86.83200000000001
3049,91.511
3050,87.666
3051,117.032
3052,110.772
3053,120.783
3054,91.72899999999998
3055,89.541
3056,90.479
3057,120.783
3058,120.262
3059,88.08200000000001
3060,88.08200000000001
3061,84.33100000000002
3062,90.479
3063,118.07399999999998
3064,90.479
3065,117.32499999999997
3066,119.533
3067,81.51800000000001
3068,120.56500000000001
3069,116.72
3070,89.01
3071,90.479
3072,115.26099999999998
3073,120.783
3074,84.019
3075,86.83200000000001
3076,115.57299999999998
3077,91.72899999999998
3078,84.019
3079,84.33100000000002
3080,116.303
3081,87.97800000000001
3082,90.479
3083,120.262
3084,119.94999999999999
3085,120.262
3086,132.45299999999997
3087,116.605
3088,84.33100000000002
3089,82.768
3090,89.228
3091,86.39500000000001
3092,81.51800000000001
3093,143.88899999999998
3094,92.76099999999998
3095,86.83200000000001
3096,85.36300000000001
3097,108.271
3098,119.84599999999999
3099,89.01
3100,120.262
3101,119.106
3102,87.97800000000001
3103,119.096
3104,87.97800000000001
3105,90.479
3106,108.271
3107,87.97800000000001
3108,86.83200000000001
3109,117.032
3110,89.01
3111,117.032
3112,84.33100000000002
3113,115.57299999999998
3114,108.271
3115,119.533
3116,116.50099999999999
3117,117.032
3118,115.46900000000001
3119,92.76099999999998
3120,119.314
3121,84.33100000000002
3122,120.262
3123,115.57299999999998
3124,94.12600000000002
3125,81.51800000000001
3126,87.97800000000001
3127,82.55000000000001
3128,88.08200000000001
3129,108.991
3130,85.269
3131,110.45899999999997
3132,140.66000000000003
3133,86.83200000000001
3134,90.479
3135,116.72
3136,92.98
3137,84.019
3138,86.52000000000001
3139,122.03399999999999
3140,95.04400000000001
3141,120.575
3142,91.397
3143,86.52000000000001
3144,117.76099999999998
3145,81.83000000000001
3146,121.29399999999998
3147,89.01
3148,84.33100000000002
3149,117.032
3150,117.032
3151,117.032
3152,118.282
3153,108.271
3154,87.97800000000001
3155,84.33100000000002
3156,120.262
3157,85.36300000000001
3158,85.581
3159,117.032
3160,84.33100000000002
3161,86.41499999999999
3162,84.33100000000002
3163,87.97800000000001
3164,117.449
3165,85.36300000000001
3166,117.032
3167,119.51299999999999
3168,89.01
3169,113.802
3170,91.62500000000001
3171,81.51800000000001
3172,114.219
3173,118.064
3174,84.33100000000002
3175,84.33100000000002
3176,87.97800000000001
3177,89.228
3178,81.51800000000001
3179,84.33100000000002
3180,118.282
3181,143.472
3182,87.97800000000001
3183,89.228
3184,86.197
3185,129.952
3186,85.581
3187,85.581
3188,147.43200000000002
3189,133.182
3190,89.228
3191,87.97800000000001
3192,87.97800000000001
3193,123.38799999999999
3194,89.01
3195,117.032
3196,119.314
3197,84.33100000000002
3198,120.262
3199,89.228
3200,84.33100000000002
3201,87.97800000000001
3202,87.97800000000001
3203,85.165
3204,81.51800000000001
3205,87.97800000000001
3206,118.064
3207,114.219
3208,85.165
3209,117.032
3210,117.032
3211,117.032
3212,89.01
3213,87.97800000000001
3214,81.51800000000001
3215,117.032
3216,85.165
3217,123.59599999999999
3218,120.76299999999999
3219,118.282
3220,87.97800000000001
3221,117.032
3222,140.972
3223,119.096
3224,109.10500000000002
3225,120.262
3226,107.95799999999998
3227,117.032
3228,85.581
3229,120.262
3230,120.262
3231,90.042
3232,87.97800000000001
3233,117.032
3234,89.228
3235,109.30300000000001
3236,87.97800000000001
3237,118.064
3238,110.77099999999999
3239,117.032
3240,84.33100000000002
3241,120.12800000000001
3242,85.165
3243,81.51800000000001
3244,139.513
3245,89.228
3246,118.282
3247,93.90700000000001
3248,118.282
3249,106.21300000000001
3250,120.262
3251,117.02199999999999
3252,90.25999999999999
3253,87.97800000000001
3254,84.33100000000002
3255,114.219
3256,87.97800000000001
3257,91.62500000000001
3258,117.032
3259,84.33100000000002
3260,84.33100000000002
3261,117.032
3262,117.449
3263,117.032
3264,84.33100000000002
3265,117.032
3266,87.97800000000001
3267,123.492
3268,87.97800000000001
3269,81.51800000000001
3270,86.613
3271,84.33100000000002
3272,117.032
3273,119.314
3274,119.096
3275,89.228
3276,141.388
3277,117.76099999999998
3278,114.53099999999999
3279,106.48899999999999
3280,134.919
3281,87.97800000000001
3282,91.62500000000001
3283,86.197
3284,87.97800000000001
3285,84.33100000000002
3286,117.032
3287,89.228
3288,119.314
3289,87.97800000000001
3290,117.032
3291,117.032
3292,89.01
3293,84.33100000000002
3294,114.219
3295,114.219
3296,117.032
3297,119.096
3298,85.36300000000001
3299,121.29399999999998
3300,82.55000000000001
3301,118.064
3302,85.165
3303,84.33100000000002
3304,115.46900000000001
3305,120.262
3306,117.032
3307,81.51800000000001
3308,85.581
3309,117.032
3310,118.064
3311,121.512
3312,84.33100000000002
3313,140.972
3314,89.01
3315,84.33100000000002
3316,117.032
3317,262.382
3318,117.032
3319,84.33100000000002
3320,87.97800000000001
3321,85.165
3322,120.262
3323,120.262
3324,92.87500000000001
3325,120.262
3326,144.51500000000001
3327,87.97800000000001
3328,89.228
3329,89.228
3330,84.33100000000002
3331,87.97800000000001
3332,90.479
3333,115.46900000000001
3334,120.262
3335,108.991
3336,119.533
3337,84.33100000000002
3338,82.55000000000001
3339,81.51800000000001
3340,115.25099999999999
3341,112.361
3342,82.55000000000001
3343,84.33100000000002
3344,87.97800000000001
3345,88.08200000000001
3346,140.54500000000002
3347,117.75199999999998
3348,90.479
3349,117.345
3350,84.33100000000002
3351,120.783
3352,117.032
3353,89.01
3354,121.71099999999998
3355,85.581
3356,120.783
3357,86.83200000000001
3358,119.096
3359,143.472
3360,87.97800000000001
3361,90.479
3362,87.864
3363,114.41900000000001
3364,121.71300000000002
3365,92.324
3366,88.89600000000002
3367,123.87899999999998
3368,120.56500000000001
3369,85.36300000000001
3370,91.72899999999998
3371,85.581
3372,86.83200000000001
3373,86.197
3374,87.11500000000001
3375,119.74099999999997
3376,91.511
3377,120.03399999999999
3378,115.57299999999998
3379,122.76299999999999
3380,119.533
3381,116.919
3382,87.666
3383,88.89600000000002
3384,123.795
3385,119.533
3386,87.97800000000001
3387,87.666
3388,118.282
3389,143.473
3390,89.01
3391,122.55399999999997
3392,115.46900000000001
3393,91.62500000000001
3394,89.01
3395,118.90000000000002
3396,93.575
3397,119.533
3398,125.88899999999998
3399,118.282
3400,87.97800000000001
3401,119.533
3402,86.83200000000001
3403,120.783
3404,86.83200000000001
3405,120.783
3406,122.76299999999999
3407,118.282
3408,90.479
3409,85.581
3410,83.8
3411,85.581
3412,90.479
3413,87.97800000000001
3414,120.262
3415,120.158
3416,117.449
3417,85.581
3418,91.72899999999998
3419,84.33100000000002
3420,119.533
3421,119.533
3422,89.228
3423,90.479
3424,90.479
3425,110.772
3426,124.742
3427,87.97800000000001
3428,121.29399999999998
3429,87.97800000000001
3430,140.972
3431,90.479
3432,89.01
3433,92.54299999999999
3434,117.032
3435,120.783
3436,122.76299999999999
3437,91.72899999999998
3438,119.533
3439,110.77099999999999
3440,143.473
3441,116.605
3442,84.33100000000002
3443,120.262
3444,120.262
3445,123.492
3446,84.33100000000002
3447,125.88899999999998
3448,90.479
3449,107.959
3450,87.97800000000001
3451,119.533
3452,84.019
3453,87.666
3454,94.12600000000002
3455,115.01400000000002
3456,88.08200000000001
3457,84.33100000000002
3458,145.97299999999998
3459,118.064
3460,110.772
3461,117.032
3462,84.33100000000002
3463,85.165
3464,119.94999999999999
3465,117.032
3466,85.165
3467,86.41499999999999
3468,117.449
3469,120.346
3470,117.032
3471,118.066
3472,81.51800000000001
3473,140.972
3474,143.472
3475,97.773
3476,120.56500000000001
3477,122.40999999999998
3478,122.76299999999999
3479,120.262
3480,119.533
3481,84.019
3482,121.512
3483,90.479
3484,90.479
3485,86.83200000000001
3486,119.533
3487,88.08200000000001
3488,86.83200000000001
3489,117.97
3490,85.36300000000001
3491,122.76299999999999
3492,119.533
3493,90.479
3494,81.51800000000001
3495,89.01
3496,82.55000000000001
3497,88.698
3498,119.533
3499,90.479
3500,108.271
3501,140.66000000000003
3502,88.91599999999998
3503,119.533
3504,119.096
3505,124.52399999999999
3506,118.064
3507,117.032
3508,116.72
3509,86.08300000000001
3510,117.032
3511,90.479
3512,84.33100000000002
3513,119.533
3514,116.72
3515,82.768
3516,84.33100000000002
3517,86.83200000000001
3518,84.33100000000002
3519,119.533
3520,122.76299999999999
3521,84.33100000000002
3522,85.165
3523,87.97800000000001
3524,125.993
3525,120.262
3526,106.49000000000001
3527,86.83200000000001
3528,85.581
3529,87.97800000000001
3530,140.972
3531,119.533
3532,114.219
3533,81.51800000000001
3534,86.83200000000001
3535,117.34499999999998
3536,117.032
3537,119.533
3538,84.019
3539,117.032
