,Duration
60,3450.999975204468
61,3108.999729156494
62,4776.000261306763
63,3511.000156402588
64,3315.000057220459
65,4784.999847412109
66,4201.000213623047
67,4024.000406265259
68,3101.9997596740723
69,3152.0001888275146
70,3644.0000534057617
71,2805.000066757202
72,3716.0000801086426
73,3329.9999237060547
74,2672.999858856201
75,3135.9996795654297
76,4766.9997215271
77,3073.9998817443848
78,2776.0000228881836
79,3470.9999561309814
80,3315.999746322632
81,5284.999847412109
82,3285.0000858306885
83,3305.999994277954
84,4516.9997215271
85,3214.9999141693115
86,3219.0001010894775
87,3171.0000038146973
88,3309.999942779541
89,3192.000150680542
90,3246.999979019165
91,3187.999963760376
92,4849.999904632568
93,4010.999917984009
94,3222.9998111724854
95,3147.0000743865967
96,3197.999954223633
97,3156.0001373291016
98,3909.9998474121094
99,3663.9997959136963
100,3282.0000648498535
101,2918.9999103546143
102,3186.000108718872
103,3627.000093460083
104,3139.000177383423
105,3907.0000648498535
106,3203.000068664551
107,3376.000165939331
108,2907.0003032684326
109,2879.999876022339
110,3990.000009536743
111,3163.0001068115234
112,3506.000280380249
113,4220.0000286102295
114,3148.9999294281006
115,3133.000135421753
116,3118.000030517578
117,3569.000244140625
118,3206.0000896453857
119,3970.9999561309814
120,7040.000200271606
121,3164.0002727508545
122,5690.999984741211
123,3490.999698638916
124,4295.000076293945
125,3972.9998111724854
126,3537.9998683929443
127,3184.999942779541
128,4359.999895095825
129,3320.000171661377
130,3543.9999103546143
131,3799.999952316284
132,6178.999900817871
133,2922.999858856201
134,3861.999988555908
135,3181.999921798706
136,3122.999906539917
137,4073.9998817443848
138,3147.9997634887695
139,4866.999864578247
140,4292.999982833862
141,5680.999755859375
142,4154.000043869019
143,3185.00018119812
144,2890.9997940063477
145,3202.000141143799
146,6604.999780654907
147,3233.0000400543213
148,5279.000043869019
149,3324.000120162964
150,3185.00018119812
151,3306.999921798706
152,3185.00018119812
153,3176.0001182556152
154,3495.000123977661
155,3133.000135421753
156,3182.999849319458
157,3325.000047683716
158,3158.0002307891846
159,3517.9998874664307
160,3136.000156402588
161,3299.999952316284
162,3295.0000762939453
163,3151.0002613067627
164,3158.9999198913574
165,3240.999937057495
166,3329.9999237060547
167,3207.9997062683105
168,2825.000047683716
169,3164.9999618530273
170,4078.9999961853027
171,3183.000326156616
172,3178.999900817871
173,3178.0002117156982
174,3258.000373840332
175,3707.0000171661377
176,2862.0002269744873
177,3865.999937057495
178,4275.000095367432
179,3173.0000972747803
180,4927.000284194946
181,3468.0001735687256
182,3159.9998474121094
183,3497.999906539917
184,3476.9997596740723
185,4953.999996185303
186,4890.000104904175
187,3151.0000228881836
188,3987.0002269744873
189,4743.000030517578
190,4757.999897003174
191,3061.999797821045
192,3191.999912261963
193,3180.000066757202
194,3164.9999618530273
195,3194.000005722046
196,3486.999988555908
197,2895.9999084472656
198,3267.9998874664307
199,4665.999889373779
200,3172.999858856201
201,4582.99994468689
202,3136.000156402588
203,2843.9998626708984
204,3897.9997634887695
205,3317.999839782715
206,3277.9998779296875
207,3927.000045776367
208,3156.0001373291016
209,3174.999952316284
210,2917.0000553131104
211,4878.999948501587
212,3322.9997158050537
213,3200.000047683716
214,3215.0001525878906
215,3889.9998664855957
216,4857.000112533569
217,3986.0000610351562
218,2917.9999828338623
219,3167.999744415283
220,3338.9999866485596
221,4002.000093460083
222,6508.999824523926
223,3558.000087738037
224,3250.0
225,3513.9999389648438
226,3470.0000286102295
227,3894.9999809265137
228,3559.999942779541
229,2862.0002269744873
230,3546.999931335449
231,4833.000183105469
232,3287.0001792907715
233,3522.0000743865967
234,3144.000291824341
235,3126.999855041504
236,3878.000020980835
237,3899.0001678466797
238,5814.99981880188
239,3910.0000858306885
240,2908.9999198913574
241,4342.000246047974
242,3619.0004348754883
243,3231.9998741149902
244,3470.0000286102295
245,3140.9997940063477
246,3310.999870300293
247,3134.999990463257
248,3478.9998531341553
249,4023.0000019073486
250,3144.9999809265137
251,3290.9996509552
252,4525.000095367432
253,3123.999834060669
254,4095.0000286102295
255,3247.999906539917
256,3383.999824523926
257,3608.9999675750732
258,5184.999942779541
259,4598.000049591064
260,3318.999767303467
261,3171.0000038146973
262,5240.000009536743
263,4831.999778747559
264,2883.999824523926
265,3336.9998931884766
266,3202.9998302459717
267,3331.9997787475586
268,4283.999919891357
269,3191.00022315979
270,4705.000162124634
271,3134.999990463257
272,3192.000150680542
273,3256.00004196167
274,3209.0001106262207
275,3217.9999351501465
276,4805.000066757202
277,3541.0001277923584
278,3250.0
279,3174.000024795532
280,3279.0000438690186
281,3196.000099182129
282,3148.9999294281006
283,3144.000291824341
284,3379.000425338745
285,3510.999917984009
286,3297.0001697540283
287,4026.0000228881836
288,4621.000051498413
289,3190.999984741211
290,3161.0000133514404
291,3187.000274658203
292,2902.0001888275146
293,3267.9998874664307
294,3588.0002975463867
295,5967.9999351501465
296,4291.000127792358
297,3309.000015258789
298,3521.9998359680176
299,4295.999765396118
300,2902.9998779296875
301,5561.999797821045
302,3246.999740600586
303,3303.999900817871
304,3474.9999046325684
305,2865.000009536743
306,3507.999897003174
307,3414.9999618530273
308,3173.0000972747803
309,3353.9998531341553
310,3297.999858856201
311,3441.999912261963
312,3226.0000705718994
313,3142.9998874664307
314,5830.9996128082275
315,6553.999900817871
316,3186.000108718872
317,3907.9997539520264
318,3120.000123977661
319,2868.000030517578
320,3174.000024795532
321,3303.999900817871
322,4023.9999294281006
323,3295.0000762939453
324,3150.0000953674316
325,3259.999990463257
326,3733.9999675750732
327,3125.0
328,3577.000141143799
329,3182.000160217285
330,3103.9998531341553
331,3158.9999198913574
332,4341.000080108643
333,3151.0000228881836
334,2887.000322341919
335,3358.9999675750732
336,3908.9999198913574
337,2880.000114440918
338,3537.9998683929443
339,3603.9998531341553
340,3255.000114440918
341,2893.000364303589
342,3193.000316619873
343,3415.0002002716064
344,3222.0001220703125
345,6547.000169754028
346,3309.000253677368
347,6575.000047683716
348,3262.00008392334
349,2871.000051498413
350,3206.0000896453857
351,4917.00005531311
352,3126.999855041504
353,3165.9998893737793
354,2913.9997959136963
355,4036.9999408721924
356,3309.000253677368
357,3331.9997787475586
358,3195.000171661377
359,3652.9998779296875
360,6631.00004196167
361,3695.000171661377
362,3474.9999046325684
363,3144.9999809265137
364,3562.999963760376
365,3248.999834060669
366,3701.9999027252197
367,3277.9998779296875
368,3146.9998359680176
369,3283.9999198913574
370,3133.999824523926
371,3250.999927520752
372,3232.999801635742
373,3213.9997482299805
374,3434.999942779541
375,4894.000053405762
376,2922.999858856201
377,3289.0000343322754
378,3579.9999237060547
379,3532.9999923706055
380,3201.9996643066406
381,4952.999830245972
382,3282.0000648498535
383,2835.0000381469727
384,5164.999961853027
385,2861.999750137329
386,3865.000009536743
387,3194.000005722046
388,4046.999931335449
389,2868.000268936157
390,2911.9997024536133
391,5125.999927520752
392,5788.999795913696
393,3605.0000190734863
394,2884.000062942505
395,3559.999942779541
396,2876.000165939331
397,3150.0000953674316
398,3332.0000171661377
399,3218.0001735687256
400,3184.999942779541
401,3152.0001888275146
402,3937.000036239624
403,2884.000062942505
404,4718.000173568726
405,3194.000005722046
406,3617.000102996826
407,4555.000066757202
408,3914.0002727508545
409,3278.9998054504395
410,2869.000196456909
411,3910.9997749328613
412,3150.0000953674316
413,3174.999952316284
414,3407.9999923706055
415,3247.999906539917
416,3363.0003929138184
417,4584.0003490448
418,6598.999977111816
419,3152.9998779296875
420,4330.9996128082275
421,2859.999895095825
422,3471.0001945495605
423,4573.999881744385
424,4569.000005722046
425,3190.000057220459
426,3149.9998569488525
427,4889.999866485596
428,4845.0000286102295
429,3517.9998874664307
430,3190.999984741211
431,5846.000194549561
432,3216.0000801086426
433,6571.999788284302
434,3572.999954223633
435,3216.9997692108154
436,3280.9998989105225
437,3646.0001468658447
438,5273.999929428101
439,3269.9999809265137
440,5273.000001907349
441,3171.0000038146973
442,3168.9999103546143
443,3452.9998302459717
444,4918.999910354614
445,3938.000202178955
446,4310.00018119812
447,4006.00004196167
448,3210.9999656677246
449,3313.000202178955
450,7159.0001583099365
451,3146.0001468658447
452,6902.000188827515
453,4238.000154495239
454,3858.9999675750732
455,3538.0001068115234
456,2855.9999465942383
457,2881.00004196167
458,3188.000202178955
459,3168.0002212524414
460,3608.9999675750732
461,3134.999990463257
462,4549.000263214111
463,3639.000415802002
464,3236.0000610351562
465,3197.999954223633
466,3192.000150680542
467,3120.000123977661
468,3595.9999561309814
469,3329.000234603882
470,3154.0000438690186
471,4971.999645233154
472,3261.9998455047607
473,3157.9999923706055
474,3218.9998626708984
475,3214.9999141693115
476,3230.0000190734863
477,3337.9998207092285
478,3277.9998779296875
479,2840.9998416900635
480,3191.999912261963
481,4360.999584197998
482,3170.0000762939453
483,2860.999822616577
484,3568.000078201294
485,3165.0002002716064
486,3283.9999198913574
487,3162.9998683929443
488,3279.9999713897705
489,3148.9999294281006
490,3372.000217437744
491,4842.0000076293945
492,4891.000032424927
493,3251.000165939331
494,3372.999906539917
495,3222.9998111724854
496,3162.0001792907715
497,3261.000156402588
498,3278.9998054504395
499,2891.9999599456787
500,2888.000011444092
501,4009.000062942505
502,3402.9998779296875
503,4911.00001335144
504,4345.999956130981
505,3351.0000705718994
506,3178.999900817871
507,4387.00008392334
508,3298.0000972747803
509,3151.0000228881836
510,4901.999950408936
511,3642.9998874664307
512,3357.0001125335693
513,4183.000326156616
514,3555.999994277954
515,3154.0000438690186
516,2866.000175476074
517,3884.000062942505
518,4949.999809265137
519,2819.000005722046
520,3188.000202178955
521,3376.999855041504
522,3413.0001068115234
523,3303.0002117156982
524,3368.99995803833
525,3180.000066757202
526,3924.999952316284
527,3438.000202178955
528,3160.9997749328613
529,5303.999900817871
530,3852.9999256134033
531,3316.999912261963
532,3301.999807357788
533,3547.999858856201
534,2890.9997940063477
535,2866.999864578247
536,3210.0000381469727
537,5266.9997215271
538,4983.999967575073
539,3469.0001010894775
540,3240.999698638916
541,4960.000038146973
542,4434.999942779541
543,3976.0000705718994
544,3866.999864578247
545,3224.9999046325684
546,3578.9997577667236
547,6480.000019073486
548,3302.000045776367
549,3184.000015258789
550,3186.000108718872
551,3321.9997882843018
552,3246.999979019165
553,4337.9998207092285
554,3167.0000553131104
555,3248.999834060669
556,3161.9997024536133
557,3950.000047683716
558,3362.99991607666
559,3686.000108718872
560,3277.0001888275146
561,3171.0000038146973
562,3154.0000438690186
563,3186.000108718872
564,4293.000221252441
565,3355.9999465942383
566,2839.9999141693115
567,4901.000022888184
568,4030.9998989105225
569,3184.000015258789
570,3935.999870300293
571,4889.999866485596
572,5219.0001010894775
573,3545.0000762939453
574,5230.000019073486
575,3513.000249862671
576,3517.000198364258
577,3250.999927520752
578,3489.000082015991
579,2868.000030517578
580,4258.999824523926
581,3134.999990463257
582,3159.0003967285156
583,3373.000144958496
584,3190.000057220459
585,3289.0002727508545
586,3190.999746322632
587,3160.9997749328613
588,3483.0000400543213
589,3210.0000381469727
590,3540.9996509552
591,3167.999744415283
592,3160.0000858306885
593,3551.999807357788
594,3335.0000381469727
595,3143.9998149871826
596,3204.9999237060547
597,3677.999973297119
598,3038.9997959136963
599,2807.999849319458
600,3511.9998455047607
601,3131.999731063843
602,3388.9999389648438
603,5180.999994277954
604,4801.999807357788
605,4519.000053405762
606,3282.9999923706055
607,2781.9998264312744
608,3883.999824523926
609,3106.9998741149902
610,2809.999942779541
611,3206.0000896453857
612,2807.999849319458
613,3160.0000858306885
614,4703.000068664551
615,3103.9998531341553
616,3056.000232696533
617,3200.999975204468
618,2800.999879837036
619,3035.0000858306885
620,3529.9999713897705
621,5060.999870300293
622,3618.99995803833
623,5065.999984741211
624,3039.9999618530273
625,3207.9999446868896
626,3189.000129699707
627,3069.999933242798
628,3132.000207901001
629,3578.00030708313
630,3103.0001640319824
631,3203.9999961853027
632,5053.999900817871
633,3147.0000743865967
634,3575.000047683716
635,3155.9998989105225
636,3039.9999618530273
637,3136.000156402588
638,3084.0001106262207
639,5164.000034332275
640,3839.9999141693115
641,3207.9997062683105
642,4487.99991607666
643,4814.000368118286
644,3070.99986076355
645,3068.000078201294
646,3191.999912261963
647,4495.999813079834
648,5120.999574661255
649,4375.999927520752
650,3916.0001277923584
651,3166.9998168945312
652,3092.9999351501465
653,3875.0
654,3075.000047683716
655,3088.0000591278076
656,3113.999843597412
657,3141.9997215270996
658,4536.999702453613
659,3190.000057220459
780,2831.0000896453857
781,2859.999895095825
782,5164.999961853027
783,3226.9997596740723
784,3081.0000896453857
785,3160.0000858306885
786,3945.99986076355
787,3496.999740600586
788,3158.9999198913574
789,3898.0000019073486
790,3098.0002880096436
791,3184.999942779541
792,5255.000114440918
793,4776.999950408936
794,3427.999973297119
795,2847.0001220703125
796,3046.999931335449
797,5047.999858856201
798,3107.0001125335693
799,5749.000072479248
800,3108.0002784729004
801,4123.999834060669
802,5639.000177383423
803,3205.9998512268066
804,3010.999917984009
805,2916.0001277923584
806,3355.9999465942383
807,2893.0001258850098
808,3358.0002784729004
809,3784.0003967285156
810,2957.000255584717
811,2998.000144958496
812,3207.000255584717
813,3210.9999656677246
814,3138.000249862671
815,3203.00030708313
816,3158.9999198913574
817,3125.999927520752
818,3097.0001220703125
819,3281.0001373291016
820,3152.0001888275146
821,3208.0001831054688
822,3125.0
823,3862.0002269744873
824,3611.0000610351562
825,5938.000202178955
826,6130.000114440918
827,3783.0002307891846
828,3058.000326156616
829,3128.000259399414
830,2911.0000133514404
831,5130.000114440918
832,3500.0
833,3384.000301361084
834,3105.9999465942383
835,3003.000020980835
836,2964.9999141693115
837,3484.999895095825
838,3042.9999828338623
839,2986.0000610351562
840,3113.0001544952393
841,4309.999942779541
842,3067.999839782715
843,3251.000165939331
844,3185.00018119812
845,3152.0001888275146
846,3637.00008392334
847,3172.0001697540283
848,3115.999698638916
849,3449.000358581543
850,3059.999942779541
851,3204.000234603882
852,3723.9999771118164
853,2809.000253677368
854,3171.0000038146973
855,3129.000186920166
856,3200.000047683716
857,4868.000268936157
858,3259.000301361084
859,3201.9999027252197
860,2796.999931335449
861,3128.999948501587
862,3144.0000534057617
863,3523.0000019073486
864,2844.9997901916504
865,3211.9998931884766
866,3123.000383377075
867,3042.0000553131104
868,3073.000192642212
869,3167.9999828338623
870,3464.9999141693115
871,5971.000194549561
872,3386.9998455047607
873,3147.000312805176
874,4829.999923706055
875,3241.999626159668
876,3243.000030517578
877,3802.000045776367
878,3101.9997596740723
879,3336.9998931884766
880,3353.9998531341553
881,3112.99991607666
882,3747.999906539917
883,3154.0000438690186
884,3128.999948501587
885,3261.9998455047607
886,3341.9997692108154
887,3105.0000190734863
888,4299.000024795532
889,3160.9997749328613
890,3203.9999961853027
891,3178.999900817871
892,3127.999782562256
893,2924.999952316284
894,3487.99991607666
895,3205.000162124634
896,3136.9998455047607
897,3160.999536514282
898,3206.0000896453857
899,3401.9999504089355
900,3159.9998474121094
901,3276.9997119903564
902,3491.999864578247
903,3627.999782562256
904,3148.9999294281006
905,4392.999887466431
906,2832.0000171661377
907,3381.000280380249
908,3223.9997386932373
909,2828.9999961853027
910,4252.999782562256
911,3437.999963760376
912,3931.000232696533
913,4903.999805450439
914,3148.9999294281006
915,4512.999773025513
916,5195.000171661377
917,4855.000019073486
918,4462.9998207092285
919,3461.0002040863037
920,3156.9998264312744
921,3104.999780654907
922,3122.999906539917
923,3110.0001335144043
924,3825.999975204468
925,3082.000255584717
926,3074.000120162964
927,3033.9999198913574
928,3001.000165939331
929,3325.999975204468
930,2997.999906539917
931,4739.000082015991
932,3432.999849319458
933,2946.000099182129
934,3385.999917984009
935,2970.0000286102295
936,3241.000175476074
937,3021.0001468658447
938,3068.999767303467
939,3188.999891281128
940,3837.9998207092285
941,3095.0000286102295
942,2852.999687194824
943,3033.0002307891846
944,3032.9997539520264
945,3095.0000286102295
946,3131.00004196167
947,4399.00016784668
948,3148.9999294281006
949,3176.0001182556152
950,3357.999801635742
951,4976.999998092651
952,3184.999942779541
953,3252.000093460083
954,3957.9997062683105
955,3115.000009536743
956,3142.9998874664307
957,4871.000051498413
958,3233.9999675750732
959,3509.000062942505
960,5827.000141143799
961,3230.0000190734863
962,3204.9999237060547
963,3569.000005722046
964,3220.0000286102295
965,3450.999975204468
966,2913.0001068115234
967,2882.000207901001
968,3131.999969482422
969,3093.9998626708984
970,3208.9998722076416
971,2823.9998817443848
972,3243.000268936157
973,3193.000078201294
974,3269.9999809265137
975,3353.0001640319824
976,3117.000102996826
977,3149.0001678466797
978,3826.000213623047
979,3492.999792098999
980,2750.999927520752
981,3092.9999351501465
982,3851.9999980926514
983,3117.999792098999
984,5095.0000286102295
985,3851.9999980926514
986,5538.000106811523
987,3115.999698638916
988,3832.0000171661377
989,3109.999895095825
990,3196.000099182129
991,3113.0001544952393
992,2770.9999084472656
993,4228.000164031982
994,3063.999891281128
995,2736.999988555908
996,3793.0002212524414
997,3207.000255584717
998,3123.000144958496
999,4845.0000286102295
1000,3091.0000801086426
1001,4036.0000133514404
1002,3216.0000801086426
1003,3216.0000801086426
1004,3779.9999713897705
1005,3052.999973297119
1006,3518.0001258850098
1007,3047.0001697540283
1008,3429.00013923645
1009,3926.0001182556152
1010,3869.999885559082
1011,3089.0002250671387
1012,3106.9998741149902
1013,3101.9999980926514
1014,3401.0000228881836
1015,3080.9998512268066
1016,4484.999895095825
1017,4159.999847412109
1018,3453.000068664551
1019,3168.9999103546143
1020,2824.000120162964
1021,3534.0001583099365
1022,3928.999900817871
1023,4889.000415802002
1024,3537.0001792907715
1025,3258.999824523926
1026,3479.0000915527344
1027,3072.999954223633
1028,3084.0001106262207
1029,5251.999855041504
1030,3149.9998569488525
1031,3828.000068664551
1032,4491.999864578247
1033,3154.0000438690186
1034,3485.999822616577
1035,3436.999797821045
1036,2798.0000972747803
1037,3444.999933242798
1038,3475.999593734741
1039,3252.999782562256
1040,3156.9998264312744
1041,4001.999616622925
1042,3881.00004196167
1043,3047.999858856201
1044,3269.9999809265137
1045,3493.99995803833
1046,3466.9997692108154
1047,3125.0
1048,3138.9999389648438
1049,3101.0000705718994
1050,3430.000066757202
1051,3400.0000953674316
1052,5157.999753952026
1053,3171.999931335449
1054,4519.000053405762
1055,3128.999948501587
1056,3087.0001316070557
1057,3260.9996795654297
1058,3190.999746322632
1059,3196.000099182129
1060,3157.9997539520264
1061,3345.9999561309814
1062,3504.999876022339
1063,3137.9997730255127
1064,3190.000057220459
1065,3848.9999771118164
1066,3101.9997596740723
1067,3124.000072479248
1068,3567.999839782715
1069,3247.999668121338
1070,4205.999851226807
1071,3167.0002937316895
1072,3977.9999256134033
1073,4433.000087738037
1074,3205.000162124634
1075,3474.9999046325684
1076,2838.9999866485596
1077,3218.9998626708984
1078,3106.9998741149902
1079,5416.999816894531
1080,4231.000185012817
1081,3134.000062942505
1082,3510.999917984009
1083,2846.9996452331543
1084,3258.000135421753
1085,3101.0000705718994
1086,3480.0000190734863
1087,3421.999931335449
1088,3932.000160217285
1089,3471.0001945495605
1090,3140.000104904175
1091,2822.9997158050537
1092,3192.999839782715
1093,3126.000165939331
1094,3098.9999771118164
1095,3211.0002040863037
1096,3257.000207901001
1097,3213.9999866485596
1098,3484.999895095825
1099,4855.999946594238
1100,3105.0000190734863
1101,3796.0000038146973
1102,3113.999843597412
1103,3427.000045776367
1104,4861.000061035156
1105,3984.999895095825
1106,3142.9998874664307
1107,3236.999750137329
1108,3067.000150680542
1109,4468.999862670898
1110,3117.000102996826
1111,3111.999988555908
1112,3446.9997882843018
1113,2815.999984741211
1114,3142.9998874664307
1115,2825.999975204468
1116,3182.000160217285
1117,3827.9998302459717
1118,3174.999952316284
1119,3091.0000801086426
1120,3859.999895095825
1121,3486.999988555908
1122,4822.000026702881
1123,3162.9998683929443
1124,4826.000213623047
1125,3891.0000324249268
1126,3201.000213623047
1127,3092.0002460479736
1128,3058.99977684021
1129,3084.0001106262207
1130,2783.9999198913574
1131,3509.999990463257
1132,5150.000095367432
1133,2821.000099182129
1134,3877.999782562256
1135,3190.999984741211
1136,3942.000150680542
1137,3147.0000743865967
1138,3204.9999237060547
1139,3121.000051498413
1140,2803.999900817871
1141,3088.9999866485596
1142,3245.000123977661
1143,3887.00008392334
1144,3156.0001373291016
1145,6523.999929428101
1146,3081.0000896453857
1147,3200.000047683716
1148,3738.0001544952393
1149,3123.999834060669
1150,2898.0002403259277
1151,3127.000093460083
1152,3943.000316619873
1153,3147.0000743865967
1154,3111.0000610351562
1155,3529.9999713897705
1156,3962.0001316070557
1157,3046.0000038146973
1158,3803.999900817871
1159,3123.000144958496
1160,3404.9999713897705
1161,3251.000165939331
1162,3236.0000610351562
1163,3174.000024795532
1164,3546.0000038146973
1165,4856.000185012817
1166,2813.000202178955
1167,3122.000217437744
1168,3129.999876022339
1169,3304.0003776550293
1170,3184.999942779541
1171,3167.0000553131104
1172,3256.00004196167
1173,3172.0001697540283
1174,3203.9999961853027
1175,3196.000099182129
1176,3315.999984741211
1177,3173.0000972747803
1178,3203.000068664551
1179,3189.000368118286
1180,4843.000411987305
1181,3542.0000553131104
1182,3577.000141143799
1183,3093.0001735687256
1184,4814.000129699707
1185,3322.000026702881
1186,3477.9999256134033
1187,3240.999937057495
1188,2855.0000190734863
1189,2845.9997177124023
1190,3096.0001945495605
1191,3316.999912261963
1192,3348.0000495910645
1193,3525.9997844696045
1194,3154.9999713897705
1195,3116.000175476074
1196,3611.999988555908
1197,4819.999933242798
1198,3140.000104904175
1199,3435.999631881714
1200,3279.9999713897705
1201,3108.0002784729004
1202,3539.0000343322754
1203,3115.000009536743
1204,3109.999895095825
1205,3122.999906539917
1206,3088.9999866485596
1207,4828.999757766724
1208,3306.999683380127
1209,3102.9999256134033
1210,3611.0000610351562
1211,3466.9997692108154
1212,3273.9999294281006
1213,3066.999912261963
1214,3098.9997386932373
1215,3157.9999923706055
1216,2841.9997692108154
1217,3125.0
1218,3157.9999923706055
1219,3259.999990463257
1220,2830.9998512268066
1221,2817.999839782715
1222,3805.999755859375
1223,3250.999689102173
1224,3509.999990463257
1225,3048.999786376953
1226,3086.9996547698975
1227,3186.000108718872
1228,3271.9998359680176
1229,3168.9999103546143
1230,5531.999826431274
1231,4117.999792098999
1232,3121.000051498413
1233,3050.999879837036
1234,3195.000171661377
1235,2788.9997959136963
1236,3129.999876022339
1237,3133.999824523926
1238,3194.999933242798
1239,3125.0
1240,3640.000104904175
1241,3941.999673843384
1242,3063.999891281128
1243,5190.999984741211
1244,3102.999687194824
1245,3226.9999980926514
1246,4569.000005722046
1247,3284.9998474121094
1248,3115.999937057495
1249,4923.999786376953
1250,2809.999942779541
1251,4851.999998092651
1252,3185.00018119812
1253,3395.9999084472656
1254,3466.0000801086426
1255,3282.9999923706055
1256,3121.000051498413
1257,3513.000011444092
1258,3615.000009536743
1259,4837.9998207092285
1260,3121.000051498413
1261,3998.999834060669
1262,3467.0000076293945
1263,3081.9997787475586
1264,3095.0000286102295
1265,2943.000078201294
1266,2776.0002613067627
1267,3601.9997596740723
1268,3051.0001182556152
1269,3227.0002365112305
1270,2865.999937057495
1271,5217.000246047974
1272,3856.0001850128174
1273,5242.000102996826
1274,3106.0001850128174
1275,5193.000078201294
1276,5710.999965667725
1277,3142.9998874664307
1278,3523.0000019073486
1279,3144.0000534057617
1280,3848.9999771118164
1281,3170.0000762939453
1282,3746.000051498413
1283,3513.9999389648438
1284,3072.9997158050537
1285,3559.999942779541
1286,3174.999952316284
1287,3102.9999256134033
1288,3157.0000648498535
1289,3092.0000076293945
1290,3163.0001068115234
1291,3041.0001277923584
1292,2842.9999351501465
1293,2777.9998779296875
1294,2793.0002212524414
1295,3985.0001335144043
1296,3843.0001735687256
1297,3236.999988555908
1298,3835.0000381469727
1299,3486.0000610351562
1300,3103.0001640319824
1301,3190.999984741211
1302,3957.0000171661377
1303,3081.0000896453857
1304,3263.000249862671
1305,2805.000066757202
1306,3158.9999198913574
1307,3943.999767303467
1308,3144.9999809265137
1309,5799.999952316284
1310,3133.999824523926
1311,3148.9999294281006
1312,4900.000095367432
1313,3813.000202178955
1314,3095.9999561309814
1315,3481.0001850128174
1316,3128.999948501587
1317,3250.0
1318,3117.000102996826
1319,4492.000102996826
1320,3143.0001258850098
1321,3178.0002117156982
1322,3829.9999237060547
1323,2787.0001792907715
1324,3561.000108718872
1325,3450.999975204468
1326,5532.0000648498535
1327,3855.0000190734863
1328,3815.999984741211
1329,3362.999677658081
1330,3958.9998722076416
1331,3085.0000381469727
1332,3204.000234603882
1333,5551.000118255615
1334,4721.999883651733
1335,3113.0001544952393
1336,3203.00030708313
1337,5185.999631881714
1338,3448.000192642212
1339,3098.9999771118164
1340,3065.000057220459
1341,3151.0000228881836
1342,3231.0001850128174
1343,3073.000192642212
1344,3091.0000801086426
1345,3089.0002250671387
1346,3778.0001163482666
1347,2809.999942779541
1348,3503.000020980835
1349,3835.9999656677246
1350,3526.0000228881836
1351,3125.0
1352,3234.999895095825
1353,3463.0002975463867
1354,3459.0001106262207
1355,3164.9999618530273
1356,3108.0000400543213
1357,5136.000156402588
1358,3180.999755859375
1359,4238.999843597412
1360,3173.0000972747803
1361,3108.0000400543213
1362,5227.999925613403
1363,3298.0000972747803
1364,3299.0002632141113
1365,4258.999824523926
1366,3175.999641418457
1367,3871.000051498413
1368,3832.9999446868896
1369,3235.0001335144043
1370,4238.999843597412
1371,3110.999584197998
1372,3295.999765396118
1373,3453.9999961853027
1374,3076.000213623047
1375,3241.999626159668
1376,3070.9996223449707
1377,3098.9999771118164
1378,3118.99995803833
1379,4809.999942779541
1500,4851.999998092651
1501,3292.0002937316895
1502,3882.999897003174
1503,3128.999948501587
1504,4853.000164031982
1505,2805.999755859375
1506,4124.000072479248
1507,3321.9997882843018
1508,2875.999689102173
1509,5198.000192642212
1510,3136.9998455047607
1511,3170.0000762939453
1512,2847.9998111724854
1513,2795.999765396118
1514,6757.999897003174
1515,2811.999797821045
1516,3177.999973297119
1517,3276.9999504089355
1518,4592.9999351501465
1519,2595.0000286102295
1520,4455.000162124634
1521,3661.9999408721924
1522,4702.999830245972
1523,4748.999834060669
1524,3336.0002040863037
1525,3352.9999256134033
1526,3131.999731063843
1527,4822.000026702881
1528,3033.9999198913574
1529,3230.0000190734863
1530,3958.9998722076416
1531,3271.9995975494385
1532,3486.999750137329
1533,3160.0000858306885
1534,3773.9999294281006
1535,3164.9999618530273
1536,3472.9998111724854
1537,2852.9999256134033
1538,4533.999919891357
1539,3884.999990463257
1540,3480.0000190734863
1541,3116.999864578247
1542,3215.9996032714844
1543,4154.9999713897705
1544,3078.9999961853027
1545,4482.000112533569
1546,4256.00004196167
1547,3236.0000610351562
1548,3508.999824523926
1549,3112.99991607666
1550,3811.999797821045
1551,3161.0000133514404
1552,3118.99995803833
1553,3273.0000019073486
1554,3033.9999198913574
1555,3145.9999084472656
1556,3177.999973297119
1557,3451.9999027252197
1558,2921.99969291687
1559,3346.0001945495605
1560,2871.000051498413
1561,3199.000120162964
1562,4828.999996185303
1563,3164.0000343322754
1564,3537.9998683929443
1565,4578.000068664551
1566,3342.0002460479736
1567,3136.000156402588
1568,3196.9997882843018
1569,2832.000255584717
1570,2706.0000896453857
1571,2694.000005722046
1572,3414.9999618530273
1573,4664.000034332275
1574,3456.0000896453857
1575,3239.000082015991
1576,3149.9998569488525
1577,3196.000099182129
1578,3107.999801635742
1579,3077.000141143799
1580,2815.999984741211
1581,4544.999837875366
1582,3793.9999103546143
1583,3769.0000534057617
1584,3197.999954223633
1585,3118.000030517578
1586,3501.000165939331
1587,3835.0000381469727
1588,3299.000024795532
1589,3079.9999237060547
1590,3132.000207901001
1591,3679.00013923645
1592,3148.0000019073486
1593,3429.999828338623
1594,3252.000093460083
1595,3116.999864578247
1596,4281.000137329102
1597,3827.000141143799
1598,4267.999887466431
1599,3115.000009536743
1600,2792.9999828338623
1601,3210.9999656677246
1602,3147.000312805176
1603,3838.0000591278076
1604,3897.0000743865967
1605,3141.0000324249268
1606,2793.9999103546143
1607,3112.0002269744873
1608,3111.999988555908
1609,3748.999834060669
1610,3171.0002422332764
1611,3143.9998149871826
1612,3253.999948501587
1613,3438.999891281128
1614,3822.000026702881
1615,3151.9999504089355
1616,3295.0000762939453
1617,3103.9998531341553
1618,3529.9999713897705
1619,3076.000213623047
1620,3848.0000495910645
1621,5729.000091552734
1622,3158.9999198913574
1623,3134.999990463257
1624,5542.00005531311
1625,3163.9997959136963
1626,3043.9999103546143
1627,4858.000040054321
1628,4221.999645233154
1629,3488.999843597412
1630,5246.000051498413
1631,3968.0004119873047
1632,4552.000045776367
1633,4449.000120162964
1634,3228.0001640319824
1635,2800.999879837036
1636,3157.0000648498535
1637,3136.000156402588
1638,2842.0002460479736
1639,3098.0002880096436
1640,3577.000141143799
1641,3182.000160217285
1642,3203.9999961853027
1643,3172.0001697540283
1644,3812.000274658203
1645,3098.9999771118164
1646,4809.000253677368
1647,3082.0000171661377
1648,3139.9998664855957
1649,3217.0002460479736
1650,3098.0002880096436
1651,3152.0001888275146
1652,3026.0000228881836
1653,3066.999912261963
1654,3120.000123977661
1655,4539.999961853027
1656,2817.000150680542
1657,3093.0001735687256
1658,3195.000171661377
1659,4849.999904632568
1660,3109.999895095825
1661,3208.0001831054688
1662,3256.00004196167
1663,2754.000186920166
1664,3865.999937057495
1665,2817.999839782715
1666,3103.0001640319824
1667,3881.00004196167
1668,3577.000141143799
1669,3105.999708175659
1670,3151.0000228881836
1671,3129.999876022339
1672,3305.000066757202
1673,3100.9998321533203
1674,3110.0001335144043
1675,3110.0001335144043
1676,2937.000036239624
1677,3161.9999408721924
1678,3636.000156402588
1679,5214.000225067139
1680,3240.999937057495
1681,2817.999839782715
1682,3564.99981880188
1683,3589.9999141693115
1684,4525.000095367432
1685,3427.000045776367
1686,3564.99981880188
1687,2816.999912261963
1688,3403.0001163482666
1689,4199.999809265137
1690,4869.999885559082
1691,3273.0002403259277
1692,3868.000030517578
1693,4881.999969482422
1694,3122.999906539917
1695,3352.0002365112305
1696,3091.0000801086426
1697,4128.000020980835
1698,3080.9996128082275
1699,5177.99973487854
1700,3184.999942779541
1701,3338.9999866485596
1702,3092.9999351501465
1703,5154.9999713897705
1704,3189.99981880188
1705,4912.999868392944
1706,3492.999792098999
1707,3460.0000381469727
1708,3112.99991607666
1709,3083.9998722076416
1710,3623.999834060669
1711,3190.000057220459
1712,3562.999963760376
1713,2823.9998817443848
1714,3237.99991607666
1715,5169.999837875366
1716,4875.999927520752
1717,4316.999912261963
1718,3148.0000019073486
1719,3216.9997692108154
1720,3199.000120162964
1721,3141.9997215270996
1722,13446.000099182129
1723,10202.999830245972
1724,2888.9999389648438
1725,4019.0000534057617
1726,4993.99995803833
1727,3150.0000953674316
1728,3180.000066757202
1729,3930.000066757202
1730,3121.000051498413
1731,3325.999975204468
1732,4235.000133514404
1733,3448.9998817443848
1734,3094.0001010894775
1735,3400.9997844696045
1736,2914.0000343322754
1737,3095.9999561309814
1738,3137.00008392334
1739,3164.9999618530273
1740,3186.999797821045
1741,3246.000051498413
1742,2801.999807357788
1743,3186.999797821045
1744,3648.9999294281006
1745,3221.0001945495605
1746,3596.0001945495605
1747,2898.0002403259277
1748,3988.999843597412
1749,3190.000057220459
1750,4299.000024795532
1751,3072.9997158050537
1752,3746.000051498413
1753,3237.99991607666
1754,3111.999988555908
1755,3831.0000896453857
1756,5176.000118255615
1757,3176.999807357788
1758,3268.9998149871826
1759,3192.999839782715
1760,6605.000019073486
1761,3120.000123977661
1762,3148.0000019073486
1763,3362.99991607666
1764,3154.0000438690186
1765,3414.9999618530273
1766,3259.000062942505
1767,2865.000009536743
1768,3248.999834060669
1769,3850.9998321533203
1770,3144.9999809265137
1771,2910.0000858306885
1772,3243.99995803833
1773,4607.000112533569
1774,3135.999917984009
1775,3946.000099182129
1776,3138.000011444092
1777,3219.0001010894775
1778,4998.999834060669
1779,3174.000024795532
1780,3198.9998817443848
1781,3382.999897003174
1782,3873.999834060669
1783,3172.0001697540283
1784,4629.999876022339
1785,3798.999786376953
1786,4868.000030517578
1787,3154.9999713897705
1788,3291.0001277923584
1789,3272.0000743865967
1790,3151.0000228881836
1791,3259.999990463257
1792,3238.0001544952393
1793,3193.000316619873
1794,2817.000150680542
1795,3540.9998893737793
1796,3227.9999256134033
1797,3133.999824523926
1798,3172.0001697540283
1799,5417.00005531311
1800,3236.0000610351562
1801,3944.000005722046
1802,3231.0001850128174
1803,3180.999994277954
1804,3271.0001468658447
1805,3126.000165939331
1806,4598.000049591064
1807,3254.999876022339
1808,4871.000051498413
1809,3437.000274658203
1810,3145.9999084472656
1811,4217.0000076293945
1812,3288.9997959136963
1813,3179.00013923645
1814,3553.999900817871
1815,2734.999895095825
1816,3188.000202178955
1817,3163.0003452301025
1818,2746.000051498413
1819,3109.999895095825
1820,3067.000150680542
1821,3185.00018119812
1822,4270.999908447266
1823,3194.000005722046
1824,3180.999994277954
1825,4190.999984741211
1826,3266.0000324249268
1827,3203.9999961853027
1828,2946.000099182129
1829,3170.0000762939453
1830,3138.000249862671
1831,3206.0000896453857
1832,3233.0002784729004
1833,3253.000020980835
1834,3214.9999141693115
1835,3173.0000972747803
1836,3872.000217437744
1837,3454.000234603882
1838,3188.000202178955
1839,3125.0
1840,3179.999828338623
1841,3123.000144958496
1842,3176.0001182556152
1843,3191.00022315979
1844,5869.999885559082
1845,3890.000104904175
1846,3281.0001373291016
1847,3114.0003204345703
1848,3452.000141143799
1849,3084.0001106262207
1850,3884.999990463257
1851,3213.0000591278076
1852,3177.000045776367
1853,3245.999813079834
1854,3292.0000553131104
1855,3158.0002307891846
1856,2845.0000286102295
1857,3271.9998359680176
1858,3326.9999027252197
1859,3301.0001182556152
1860,3258.000135421753
1861,5247.000217437744
1862,3313.000202178955
1863,3226.9999980926514
1864,2920.999765396118
1865,3310.999631881714
1866,3517.9998874664307
1867,3208.9998722076416
1868,3191.999912261963
1869,4262.00008392334
1870,2876.000165939331
1871,3182.999849319458
1872,3170.0000762939453
1873,3180.000066757202
1874,3299.000024795532
1875,3148.0000019073486
1876,3162.0001792907715
1877,3110.999822616577
1878,4944.999933242798
1879,3381.999731063843
1880,3934.000015258789
1881,3244.999885559082
1882,2831.9997787475586
1883,3138.9999389648438
1884,6638.000011444092
1885,3170.999765396118
1886,3218.9998626708984
1887,3109.0002059936523
1888,3930.999755859375
1889,3201.000213623047
1890,5230.999708175659
1891,3575.000047683716
1892,3250.0
1893,3110.999822616577
1894,6961.999893188477
1895,3126.000165939331
1896,3940.999984741211
1897,3458.9998722076416
1898,3256.999731063843
1899,3157.0000648498535
1900,3210.9999656677246
1901,4575.000047683716
1902,3590.9998416900635
1903,3136.9998455047607
1904,4926.000118255615
1905,3517.9998874664307
1906,3263.9999389648438
1907,3310.999870300293
1908,3144.9999809265137
1909,3289.9999618530273
1910,3131.999969482422
1911,3286.0000133514404
1912,3144.0000534057617
1913,3526.0000228881836
1914,3472.9998111724854
1915,3165.9996509552
1916,3161.9999408721924
1917,3584.0001106262207
1918,3501.000165939331
1919,3811.000108718872
1920,3195.99986076355
1921,3187.999963760376
1922,3350.0001430511475
1923,5315.000057220459
1924,3207.9999446868896
1925,2796.0000038146973
1926,4897.9997634887695
1927,3095.9999561309814
1928,4565.000057220459
1929,3226.0000705718994
1930,2861.0000610351562
1931,3894.0000534057617
1932,3140.000104904175
1933,4934.000015258789
1934,3186.999797821045
1935,3193.999767303467
1936,3846.0001945495605
1937,3108.9999675750732
1938,3826.000213623047
1939,3051.0001182556152
1940,3365.999937057495
1941,3118.000030517578
1942,2857.0001125335693
1943,3498.999834060669
1944,3490.000009536743
1945,3461.0002040863037
1946,3131.00004196167
1947,3125.999927520752
1948,3086.9998931884766
1949,4889.999866485596
1950,3648.9999294281006
1951,3581.0000896453857
1952,3101.0000705718994
1953,3311.999797821045
1954,3225.0001430511475
1955,3489.999771118164
1956,4861.000061035156
1957,3171.0000038146973
1958,3157.0000648498535
1959,2825.000047683716
1960,3309.999942779541
1961,3111.0000610351562
1962,3167.999744415283
1963,2863.999843597412
1964,3498.999834060669
1965,5011.000156402588
1966,4968.999862670898
1967,3325.000047683716
1968,3526.0000228881836
1969,4965.000152587891
1970,3873.000383377075
1971,4882.000207901001
1972,3097.0001220703125
1973,4557.000160217285
1974,3213.0000591278076
1975,3502.000093460083
1976,3102.0002365112305
1977,2852.0002365112305
1978,3423.999786376953
1979,3248.000144958496
1980,4325.999975204468
1981,3856.0001850128174
1982,4622.000217437744
1983,2872.999906539917
1984,3132.999897003174
1985,3122.999906539917
1986,3232.0001125335693
1987,3177.99973487854
1988,3553.999900817871
1989,2857.0001125335693
1990,4011.000156402588
1991,4052.0002841949463
1992,5276.000022888184
1993,3279.0000438690186
1994,3983.9999675750732
1995,3189.000129699707
1996,4231.000185012817
1997,3398.0002403259277
1998,3248.000144958496
1999,3619.999885559082
2000,5770.999908447266
2001,3567.000150680542
2002,3875.999927520752
2003,4270.999908447266
2004,3122.000217437744
2005,3177.000045776367
2006,3273.0000019073486
2007,3269.9999809265137
2008,3163.0001068115234
2009,3098.0002880096436
2010,3498.999834060669
2011,3371.999740600586
2012,4169.999837875366
2013,5821.000099182129
2014,4477.0002365112305
2015,2813.000202178955
2016,7365.000009536743
2017,2827.000141143799
2018,3688.000202178955
2019,3118.000268936157
2020,3234.999895095825
2021,4911.00001335144
2022,3455.000162124634
2023,3166.9998168945312
2024,3104.0003299713135
2025,5164.999961853027
2026,3251.000165939331
2027,2809.999942779541
2028,4376.000165939331
2029,5229.0003299713135
2030,3962.0001316070557
2031,3113.0001544952393
2032,3120.000123977661
2033,3940.999746322632
2034,3140.000104904175
2035,3278.0001163482666
2036,2799.0002632141113
2037,3122.000217437744
2038,3249.000310897827
2039,5699.000358581543
2040,4595.0000286102295
2041,3897.0000743865967
2042,3350.9998321533203
2043,3167.0002937316895
2044,2825.999975204468
2045,5000.999689102173
2046,3170.0000762939453
2047,3637.000322341919
2048,3499.000310897827
2049,4882.000207901001
2050,3938.000202178955
2051,3240.000009536743
2052,3598.0000495910645
2053,3112.99991607666
2054,4449.999809265137
2055,3809.999942779541
2056,3107.999801635742
2057,3838.0002975463867
2058,3184.000253677368
2059,3104.0000915527344
2060,3077.000141143799
2061,3230.0000190734863
2062,2841.0000801086426
2063,3213.9999866485596
2064,3430.000066757202
2065,3080.9998512268066
2066,3064.99981880188
2067,2820.9996223449707
2068,5551.999807357788
2069,3228.9998531341553
2070,2844.0001010894775
2071,4011.9998455047607
2072,3115.000009536743
2073,3863.999843597412
2074,3063.000202178955
2075,4625.999689102173
2076,3192.000150680542
2077,3473.9999771118164
2078,3112.99991607666
2079,4854.000091552734
2080,4956.999778747559
2081,3233.9999675750732
2082,3296.0000038146973
2083,3605.9999465942383
2084,3464.9999141693115
2085,3285.9997749328613
2086,3151.9999504089355
2087,4275.999546051025
2088,4273.999929428101
2089,3138.9999389648438
2090,3262.00008392334
2091,3082.0000171661377
2092,4522.9997634887695
2093,4928.999900817871
2094,3126.999855041504
2095,3151.9997119903564
2096,3611.999750137329
2097,3085.0000381469727
2098,2827.9998302459717
2099,3161.9997024536133
2220,3213.9999866485596
2221,3579.9999237060547
2222,3104.0000915527344
2223,5305.999755859375
2224,4597.0001220703125
2225,3634.999990463257
2226,5239.000082015991
2227,3496.000051498413
2228,4875.999927520752
2229,2831.9997787475586
2230,3277.9998779296875
2231,4544.999837875366
2232,3164.9999618530273
2233,3181.999921798706
2234,3210.0000381469727
2235,3232.999801635742
2236,3819.999933242798
2237,3128.999948501587
2238,3134.000062942505
2239,3355.9999465942383
2240,3122.999906539917
2241,3115.000009536743
2242,3177.999973297119
2243,3897.9997634887695
2244,3256.00004196167
2245,3947.9997158050537
2246,3151.9999504089355
2247,4946.000099182129
2248,2828.000068664551
2249,3241.000175476074
2250,3192.000150680542
2251,3367.000102996826
2252,3105.9999465942383
2253,2964.9999141693115
2254,3448.000192642212
2255,3098.9997386932373
2256,2982.999801635742
2257,3141.0000324249268
2258,3410.0000858306885
2259,3080.000162124634
2260,3102.9999256134033
2261,4309.999942779541
2262,4000.0
2263,3505.000114440918
2264,5314.99981880188
2265,3872.000217437744
2266,6940.000057220459
2267,3263.9999389648438
2268,3228.0001640319824
2269,3197.000026702881
2270,4319.999933242798
2271,4909.999847412109
2272,5565.000057220459
2273,3095.9999561309814
2274,3084.0001106262207
2275,3303.0002117156982
2276,3562.999963760376
2277,3187.000274658203
2278,3569.999933242798
2279,3123.000383377075
2280,3164.0002727508545
2281,3112.0002269744873
2282,3166.0001277923584
2283,3237.0002269744873
2284,4291.000127792358
2285,3192.000150680542
2286,3174.0002632141113
2287,3617.000102996826
2288,3982.0001125335693
2289,3254.000186920166
2290,2825.000047683716
2291,3098.9999771118164
2292,3153.0001163482666
2293,5554.00013923645
2294,3295.0000762939453
2295,3129.000186920166
2296,3113.999843597412
2297,4536.999940872192
2298,3910.0000858306885
2299,3118.000030517578
2300,2848.9999771118164
2301,4904.9999713897705
2302,3157.9999923706055
2303,4925.000190734863
2304,4908.000230789185
2305,4509.000062942505
2306,3285.9997749328613
2307,3529.9999713897705
2308,3189.99981880188
2309,3228.9998531341553
2310,3963.0002975463867
2311,3545.999765396118
2312,4620.999813079834
2313,3910.9997749328613
2314,2811.999797821045
2315,5212.9998207092285
2316,4893.999814987183
2317,3085.9999656677246
2318,3591.0000801086426
2319,3268.9998149871826
2320,4864.000082015991
2321,2881.999731063843
2322,3361.999750137329
2323,3560.00018119812
2324,3247.999906539917
2325,4209.999799728394
2326,3538.9997959136963
2327,3137.9997730255127
2328,3115.999698638916
2329,3326.9996643066406
2330,3177.99973487854
2331,3791.0001277923584
2332,3523.9999294281006
2333,3681.999921798706
2334,3588.0000591278076
2335,3172.0001697540283
2336,3240.999937057495
2337,4694.999933242798
2338,5271.000146865845
2339,3917.0002937316895
2340,3170.0000762939453
2341,3148.0000019073486
2342,6986.000061035156
2343,2851.9997596740723
2344,3172.0001697540283
2345,3971.0001945495605
2346,3194.000005722046
2347,3828.000068664551
2348,3202.9998302459717
2349,2831.0000896453857
2350,3457.9999446868896
2351,3625.0
2352,3447.000026702881
2353,3234.999895095825
2354,3125.0
2355,3401.9999504089355
2356,3309.000015258789
2357,2872.999906539917
2358,3243.999719619751
2359,3162.9998683929443
2360,3226.9999980926514
2361,3407.9999923706055
2362,4891.000032424927
2363,3538.9997959136963
2364,4267.999887466431
2365,4266.000032424927
2366,2779.9999713897705
2367,3139.9998664855957
2368,3135.999917984009
2369,4526.000022888184
2370,4325.999975204468
2371,3861.0000610351562
2372,3486.0000610351562
2373,3867.000102996826
2374,3467.9999351501465
2375,3224.9999046325684
2376,3174.000024795532
2377,3249.000310897827
2378,3168.0002212524414
2379,3187.999963760376
2380,3164.9999618530273
2381,3353.0001640319824
2382,3128.000259399414
2383,2826.000213623047
2384,3359.999895095825
2385,5274.9998569488525
2386,3143.0001258850098
2387,4223.999977111816
2388,3228.0001640319824
2389,3160.999536514282
2390,3939.000129699707
2391,3303.0002117156982
2392,4179.00013923645
2393,3132.000207901001
2394,3283.9999198913574
2395,3802.99973487854
2396,4195.99986076355
2397,3988.999843597412
2398,3106.9998741149902
2399,3141.9999599456787
2400,3246.000289916992
2401,4884.000062942505
2402,2783.9999198913574
2403,3583.0001831054688
2404,3148.9999294281006
2405,3478.0001640319824
2406,3427.0002841949463
2407,3796.0000038146973
2408,3544.0003871917725
2409,3219.0001010894775
2410,4921.000003814697
2411,3238.0001544952393
2412,3223.0000495910645
2413,3143.000364303589
2414,3654.0000438690186
2415,2814.000129699707
2416,3125.0
2417,3200.000047683716
2418,3104.0000915527344
2419,3230.0000190734863
2420,3105.0000190734863
2421,3234.0002059936523
2422,2803.0002117156982
2423,5634.000062942505
2424,3135.999917984009
2425,4916.000127792358
2426,4911.0002517700195
2427,4896.999835968018
2428,3134.999990463257
2429,4960.9997272491455
2430,3602.999687194824
2431,3121.999979019165
2432,3076.9999027252197
2433,2890.000104904175
2434,4296.999931335449
2435,3356.999635696411
2436,3898.9999294281006
2437,3505.000114440918
2438,3132.000207901001
2439,3128.000020980835
2440,4967.000246047974
2441,3176.999807357788
2442,3944.999933242798
2443,5272.9997634887695
2444,3291.9998168945312
2445,4608.999967575073
2446,3146.9998359680176
2447,4216.000080108643
2448,3887.00008392334
2449,2828.9999961853027
2450,3474.9999046325684
2451,2807.999849319458
2452,5204.999923706055
2453,4222.0001220703125
2454,3116.000175476074
2455,2835.9999656677246
2456,3269.9999809265137
2457,3267.000198364258
2458,3226.0000705718994
2459,3119.999885559082
2460,5249.000072479248
2461,3085.0000381469727
2462,3491.000175476074
2463,2852.0002365112305
2464,5218.999862670898
2465,3164.0000343322754
2466,5059.000015258789
2467,3212.0001316070557
2468,3879.999876022339
2469,3798.0003356933594
2470,3381.999969482422
2471,8373.999834060669
2472,3206.0000896453857
2473,3528.0003547668457
2474,3266.0000324249268
2475,3089.0002250671387
2476,3143.0001258850098
2477,3139.9998664855957
2478,3154.0002822875977
2479,3172.0001697540283
2480,4954.000234603882
2481,2836.9998931884766
2482,4332.000255584717
2483,4565.999984741211
2484,3175.999879837036
2485,3182.999849319458
2486,3144.9999809265137
2487,3292.9999828338623
2488,4226.999998092651
2489,3073.9998817443848
2490,3110.999822616577
2491,4290.999889373779
2492,2891.0000324249268
2493,3175.999879837036
2494,3585.9997272491455
2495,3251.999855041504
2496,3145.000219345093
2497,2847.9998111724854
2498,5295.999765396118
2499,3095.0000286102295
2500,3315.999746322632
2501,3495.000123977661
2502,3161.0000133514404
2503,3148.0000019073486
2504,3112.99991607666
2505,4194.000005722046
2506,3233.0000400543213
2507,3953.000068664551
2508,4147.000074386597
2509,3909.0001583099365
2510,3184.999942779541
2511,3678.0002117156982
2512,3136.9998455047607
2513,3102.9999256134033
2514,3197.000026702881
2515,3421.99969291687
2516,3136.9998455047607
2517,3144.9999809265137
2518,3236.999988555908
2519,3286.0002517700195
2520,4927.99973487854
2521,4921.000003814697
2522,4965.000152587891
2523,4990.000009536743
2524,3154.0000438690186
2525,4865.999937057495
2526,3118.99995803833
2527,3605.0000190734863
2528,3195.99986076355
2529,5262.00008392334
2530,2802.0002841949463
2531,3154.9999713897705
2532,3527.0001888275146
2533,4903.999805450439
2534,3115.000009536743
2535,3108.999729156494
2536,3340.0001525878906
2537,3129.000425338745
2538,4929.000377655029
2539,3209.0003490448
2540,4917.00005531311
2541,3197.00026512146
2542,6733.0002784729
2543,4320.000171661377
2544,3149.9998569488525
2545,4360.000133514404
2546,2951.000213623047
2547,3299.000024795532
2548,3274.0001678466797
2549,3651.0000228881836
2550,4990.999698638916
2551,3951.9999027252197
2552,3639.000177383423
2553,3766.9999599456787
2554,3345.9999561309814
2555,3250.0
2556,3265.9997940063477
2557,3172.999858856201
2558,3263.000011444092
2559,3981.999635696411
2560,3263.9999389648438
2561,3342.9996967315674
2562,2863.999843597412
2563,4054.999828338623
2564,3251.999855041504
2565,3217.0000076293945
2566,3243.000030517578
2567,3892.9998874664307
2568,3190.999984741211
2569,3372.000217437744
2570,2952.9998302459717
2571,3982.999801635742
2572,3386.000156402588
2573,4273.999929428101
2574,3385.999917984009
2575,2915.0002002716064
2576,3210.9999656677246
2577,2947.9997158050537
2578,3478.9998531341553
2579,3568.999767303467
2580,4313.999891281128
2581,4009.000062942505
2582,4363.000154495239
2583,4643.999814987183
2584,3212.0001316070557
2585,3251.000165939331
2586,3208.0001831054688
2587,4368.000268936157
2588,3233.9999675750732
2589,3216.0000801086426
2590,3548.0000972747803
2591,3671.0002422332764
2592,3164.0000343322754
2593,3272.0000743865967
2594,3548.0003356933594
2595,3758.000135421753
2596,3207.000255584717
2597,3227.0002365112305
2598,2959.0001106262207
2599,3254.999876022339
2600,3875.0
2601,2964.000463485718
2602,3707.0000171661377
2603,3290.9998893737793
2604,3657.9997539520264
2605,5953.999996185303
2606,3290.9996509552
2607,4063.999891281128
2608,3205.000162124634
2609,3746.000051498413
2610,3009.999990463257
2611,3720.0000286102295
2612,2866.999864578247
2613,3351.9997596740723
2614,3245.999813079834
2615,3980.0000190734863
2616,4496.999979019165
2617,3178.0002117156982
2618,3953.9997577667236
2619,3180.999994277954
2620,3572.9997158050537
2621,2836.9998931884766
2622,2801.999807357788
2623,3636.000156402588
2624,3148.9999294281006
2625,3221.0001945495605
2626,3990.000009536743
2627,3810.00018119812
2628,4297.000169754028
2629,3223.9999771118164
2630,2787.9998683929443
2631,3514.9998664855957
2632,3247.999906539917
2633,4898.999929428101
2634,3142.9998874664307
2635,3316.999912261963
2636,3201.9999027252197
2637,3450.999975204468
2638,3134.999990463257
2639,4536.00001335144
2640,6687.999963760376
2641,4892.000198364258
2642,3128.999948501587
2643,3657.0000648498535
2644,3962.0001316070557
2645,3896.0001468658447
2646,3927.0002841949463
2647,3479.999780654907
2648,2795.0000762939453
2649,3432.000160217285
2650,3196.000099182129
2651,3413.0003452301025
2652,3206.0000896453857
2653,3158.9999198913574
2654,3220.0000286102295
2655,3551.0001182556152
2656,3158.9999198913574
2657,2809.000015258789
2658,3188.000202178955
2659,4172.000169754028
2660,6991.000175476074
2661,3348.0000495910645
2662,3203.9997577667236
2663,3605.0000190734863
2664,3457.000255584717
2665,5201.000213623047
2666,3205.9998512268066
2667,2867.000102996826
2668,3472.9998111724854
2669,3191.999912261963
2670,3253.000020980835
2671,3190.000057220459
2672,3212.9998207092285
2673,3144.9999809265137
2674,3166.0001277923584
2675,3549.999952316284
2676,3200.9997367858887
2677,3131.00004196167
2678,2936.000108718872
2679,3359.999895095825
2680,3353.9998531341553
2681,5720.0000286102295
2682,3267.9998874664307
2683,5011.999845504761
2684,3321.000099182129
2685,3605.999708175659
2686,3361.0000610351562
2687,3240.000009536743
2688,3460.9999656677246
2689,3321.000099182129
2690,4059.999942779541
2691,4075.000047683716
2692,3203.000068664551
2693,3336.0002040863037
2694,3421.99969291687
2695,3480.0000190734863
2696,5032.000303268433
2697,2947.999954223633
2698,4533.999919891357
2699,3299.000024795532
2700,4416.000127792358
2701,3186.000108718872
2702,6858.999729156494
2703,3488.999843597412
2704,3343.9998626708984
2705,4258.000135421753
2706,3399.9998569488525
2707,3335.0000381469727
2708,4819.000005722046
2709,4366.000175476074
2710,5713.000059127808
2711,3853.0001640319824
2712,4722.0001220703125
2713,3450.000047683716
2714,3016.9999599456787
2715,3653.9998054504395
2716,3328.000068664551
2717,3536.9999408721924
2718,3728.0001640319824
2719,3288.0003452301025
2720,4036.0002517700195
2721,3524.9998569488525
2722,4023.9999294281006
2723,3347.0001220703125
2724,4473.000049591064
2725,3318.000078201294
2726,2930.000066757202
2727,4139.999866485596
2728,3421.0000038146973
2729,3264.9998664855957
2730,2997.000217437744
2731,5395.999908447266
2732,2976.0000705718994
2733,4997.999906539917
2734,3026.9999504089355
2735,2990.000009536743
2736,3338.0002975463867
2737,3730.999708175659
2738,4710.000038146973
2739,3208.9998722076416
2740,3293.0002212524414
2741,5025.9997844696045
2742,3705.9998512268066
2743,4143.000364303589
2744,3300.999879837036
2745,3297.999858856201
2746,3676.999807357788
2747,3353.9998531341553
2748,4032.9997539520264
2749,3375.0
2750,4457.000017166138
2751,3203.9999961853027
2752,3315.000057220459
2753,5068.000078201294
2754,3648.9999294281006
2755,3251.000165939331
2756,3678.999900817871
2757,3376.000165939331
2758,3477.9999256134033
2759,4053.999900817871
2760,3476.9999980926514
2761,3396.0001468658447
2762,5867.999792098999
2763,3339.9999141693115
2764,3230.0000190734863
2765,3702.000141143799
2766,4391.000270843506
2767,8486.999988555908
2768,3598.0000495910645
2769,3314.99981880188
2770,3303.999900817871
2771,3277.9998779296875
2772,4105.000019073486
2773,3389.9998664855957
2774,3343.0004119873047
2775,3871.000051498413
2776,4938.000202178955
2777,3533.9999198913574
2778,3016.0000324249268
2779,3448.9998817443848
2780,4133.000135421753
2781,4131.00004196167
2782,3542.0002937316895
2783,3353.0001640319824
2784,3350.0001430511475
2785,2965.0001525878906
2786,3383.000135421753
2787,3399.9998569488525
2788,5755.000114440918
2789,3567.999839782715
2790,4058.000326156616
2791,5417.00005531311
2792,5285.999774932861
2793,3427.0002841949463
2794,3246.999740600586
2795,3311.999797821045
2796,3317.999839782715
2797,4404.9999713897705
2798,3426.999807357788
2799,3345.9999561309814
2800,3342.9999351501465
2801,3812.999963760376
2802,3302.99973487854
2803,3362.99991607666
2804,4386.999607086182
2805,3516.9999599456787
2806,3230.0000190734863
2807,3430.999994277954
2808,3291.9998168945312
2809,3290.9996509552
2810,3048.999786376953
2811,3408.9999198913574
2812,3202.000141143799
2813,3690.999984741211
2814,4961.000204086304
2815,3314.99981880188
2816,3743.999719619751
2817,3371.000051498413
2818,3722.9998111724854
2819,4313.999891281128
2940,2823.000192642212
2941,3399.0001678466797
2942,3517.9998874664307
2943,3325.000047683716
2944,3089.0002250671387
2945,3593.0001735687256
2946,5164.999961853027
2947,3780.9996604919434
2948,3109.0002059936523
2949,3132.000207901001
2950,3364.0003204345703
2951,3128.000259399414
2952,3131.999969482422
2953,3861.0000610351562
2954,3483.9999675750732
2955,3108.0002784729004
2956,3877.000093460083
2957,3059.999942779541
2958,3289.9999618530273
2959,3171.99969291687
2960,3226.9997596740723
2961,4384.999990463257
2962,3125.0
2963,3850.0001430511475
2964,3375.0
2965,2825.9997367858887
2966,3157.9997539520264
2967,3976.0000705718994
2968,3495.000123977661
2969,3328.9999961853027
2970,3430.000066757202
2971,3185.00018119812
2972,3156.9998264312744
2973,3092.9999351501465
2974,3419.999837875366
2975,3136.000156402588
2976,4842.0000076293945
2977,3295.0000762939453
2978,3158.9999198913574
2979,5863.000154495239
2980,3111.0000610351562
2981,4865.000009536743
2982,3223.9997386932373
2983,3224.9999046325684
2984,3449.000120162964
2985,3231.999635696411
2986,3235.999822616577
2987,2888.9999389648438
2988,3230.0000190734863
2989,2899.9998569488525
2990,4988.999843597412
2991,2929.999828338623
2992,2917.0000553131104
2993,3204.000234603882
2994,5007.000207901001
2995,3607.0001125335693
2996,3226.9999980926514
2997,3812.999963760376
2998,4932.999849319458
2999,3152.9998779296875
3000,3211.0002040863037
3001,3355.0000190734863
3002,2924.000024795532
3003,3208.0001831054688
3004,4743.000268936157
3005,3296.0000038146973
3006,3922.0001697540283
3007,3146.0001468658447
3008,3722.0001220703125
3009,3230.0000190734863
3010,3344.0001010894775
3011,3393.0001258850098
3012,8702.000141143799
3013,4657.0000648498535
3014,3201.9996643066406
3015,3434.999942779541
3016,3951.9999027252197
3017,3386.000156402588
3018,2895.9996700286865
3019,6950.999736785889
3020,3111.999750137329
3021,3167.999744415283
3022,3940.999984741211
3023,3296.999931335449
3024,4960.000038146973
3025,3477.9999256134033
3026,3210.0000381469727
3027,3554.999828338623
3028,3191.999912261963
3029,3269.9999809265137
3030,2891.0000324249268
3031,3243.000030517578
3032,4552.999973297119
3033,5008.999824523926
3034,3337.9998207092285
3035,3569.999933242798
3036,2996.000051498413
3037,3987.999677658081
3038,3207.9999446868896
3039,3605.0000190734863
3040,3147.9997634887695
3041,3411.0000133514404
3042,3603.9998531341553
3043,3589.9999141693115
3044,5017.999887466431
3045,3223.9999771118164
3046,4337.9998207092285
3047,3875.999927520752
3048,3267.000198364258
3049,4069.999933242798
3050,3217.9999351501465
3051,4655.9998989105225
3052,5260.999917984009
3053,3931.000232696533
3054,3203.000068664551
3055,3339.9999141693115
3056,3288.0003452301025
3057,3206.0000896453857
3058,3237.0002269744873
3059,3218.0001735687256
3060,3349.9999046325684
3061,4077.9998302459717
3062,3230.0000190734863
3063,3233.9999675750732
3064,3613.0001544952393
3065,3532.0003032684326
3066,3351.9999980926514
3067,3371.000051498413
3068,3232.0001125335693
3069,3672.0001697540283
3070,3181.000232696533
3071,3515.000104904175
3072,4080.000162124634
3073,3647.0000743865967
3074,3149.9998569488525
3075,2869.999885559082
3076,3209.0003490448
3077,6692.999839782715
3078,3341.0000801086426
3079,4634.999990463257
3080,3413.0001068115234
3081,3552.000045776367
3082,3399.9998569488525
3083,3610.0001335144043
3084,5270.9996700286865
3085,2824.000358581543
3086,3380.999803543091
3087,4368.000268936157
3088,3199.000358581543
3089,4529.000043869019
3090,3203.9997577667236
3091,3333.0001831054688
3092,4849.999904632568
3093,3272.000312805176
3094,4348.999977111816
3095,2949.9998092651367
3096,3218.9998626708984
3097,3180.000066757202
3098,3351.9997596740723
3099,3563.999891281128
3100,2876.999855041504
3101,4060.00018119812
3102,3322.999954223633
3103,3961.9998931884766
3104,4335.999965667725
3105,3287.9998683929443
3106,4160.0000858306885
3107,3292.999744415283
3108,4723.999977111816
3109,5305.999994277954
3110,3908.9999198913574
3111,3164.9999618530273
3112,3138.9999389648438
3113,3216.0000801086426
3114,3663.9997959136963
3115,3598.9999771118164
3116,3585.9999656677246
3117,2874.000072479248
3118,4924.000024795532
3119,3468.9998626708984
3120,3952.9998302459717
3121,3186.000108718872
3122,3137.00008392334
3123,3412.9998683929443
3124,4917.999982833862
3125,2865.999937057495
3126,4948.999881744385
3127,3195.000171661377
3128,3381.999969482422
3129,3404.0000438690186
3130,3203.9999961853027
3131,4037.9998683929443
3132,3335.0000381469727
3133,3177.000045776367
3134,3977.9999256134033
3135,3268.0001258850098
3136,5869.000196456909
3137,3409.9998474121094
3138,3462.0001316070557
3139,3947.000026702881
3140,3623.999834060669
3141,4963.000059127808
3142,4292.000293731689
3143,3297.999858856201
3144,3413.0001068115234
3145,3700.999975204468
3146,4873.000383377075
3147,3223.9999771118164
3148,3158.9999198913574
3149,3198.9998817443848
3150,3302.999973297119
3151,3337.0001316070557
3152,5633.000135421753
3153,3200.000047683716
3154,3265.000104904175
3155,3243.000268936157
3156,4425.000190734863
3157,5059.999942779541
3158,3620.000123977661
3159,3394.9999809265137
3160,4041.0001277923584
3161,3391.0000324249268
3162,3347.0001220703125
3163,3233.9999675750732
3164,3190.000057220459
3165,3218.0001735687256
3166,3236.0000610351562
3167,3709.0001106262207
3168,3266.9999599456787
3169,3197.9997158050537
3170,3227.0002365112305
3171,3354.0000915527344
3172,2914.0002727508545
3173,3312.000036239624
3174,3377.999782562256
3175,3339.9999141693115
3176,3311.000108718872
3177,4982.000112533569
3178,4348.999977111816
3179,2910.0000858306885
3180,3516.9999599456787
3181,4001.999855041504
3182,3331.0000896453857
3183,3938.000202178955
3184,3190.999746322632
3185,3200.000047683716
3186,3682.000160217285
3187,3232.999801635742
3188,3187.999963760376
3189,3569.000005722046
3190,3351.9999980926514
3191,3623.999834060669
3192,4414.0002727508545
3193,3164.9999618530273
3194,3242.999792098999
3195,3195.9996223449707
3196,3228.9998531341553
3197,3556.999921798706
3198,3330.9998512268066
3199,5206.000089645386
3200,3440.999984741211
3201,3394.9999809265137
3202,4882.999897003174
3203,4309.000015258789
3204,3654.9999713897705
3205,3520.9999084472656
3206,3156.9998264312744
3207,3217.9999351501465
3208,3740.999937057495
3209,3755.000114440918
3210,3356.0001850128174
3211,4706.000089645386
3212,3226.0000705718994
3213,5697.999954223633
3214,4595.999956130981
3215,3554.999828338623
3216,3855.0000190734863
3217,4613.999843597412
3218,3320.99986076355
3219,4541.999816894531
3220,3710.0000381469727
3221,3188.999891281128
3222,3224.9999046325684
3223,3257.000207901001
3224,3197.999954223633
3225,4640.000104904175
3226,3190.999984741211
3227,3673.999786376953
3228,3196.000099182129
3229,3218.0001735687256
3230,3266.0000324249268
3231,3188.000202178955
3232,7166.000127792358
3233,4898.999929428101
3234,3978.0001640319824
3235,4898.999929428101
3236,3208.9998722076416
3237,4437.000036239624
3238,3173.0000972747803
3239,3196.000099182129
3240,5036.00001335144
3241,3349.9999046325684
3242,3405.0002098083496
3243,3432.000160217285
3244,3746.999979019165
3245,3623.000144958496
3246,3286.0000133514404
3247,3894.0000534057617
3248,4855.000019073486
3249,4569.000005722046
3250,4933.000087738037
3251,3268.0001258850098
3252,3309.999942779541
3253,3199.000120162964
3254,3924.999952316284
3255,3302.0002841949463
3256,2867.0003414154053
3257,3276.0002613067627
3258,3379.999876022339
3259,3780.9998989105225
3260,3221.9998836517334
3261,4000.0
3262,5776.000022888184
3263,2933.000087738037
3264,4097.0001220703125
3265,2885.999917984009
3266,3945.000171661377
3267,3767.9998874664307
3268,3978.9998531341553
3269,2929.00013923645
3270,3251.999616622925
3271,3319.999933242798
3272,2904.0000438690186
3273,3225.0001430511475
3274,3377.999782562256
3275,3220.0000286102295
3276,3293.9999103546143
3277,4992.999792098999
3278,2908.9999198913574
3279,3266.0000324249268
3280,3281.0001373291016
3281,3209.0001106262207
3282,3248.999834060669
3283,3611.999750137329
3284,3690.999746322632
3285,3717.9999351501465
3286,3193.000078201294
3287,3253.000259399414
3288,3230.999708175659
3289,3198.9998817443848
3290,3329.9999237060547
3291,3425.999879837036
3292,3600.0001430511475
3293,3417.999744415283
3294,4975.0001430511475
3295,3276.0000228881836
3296,3192.000150680542
3297,3731.999635696411
3298,3239.000082015991
3299,4674.000024795532
3300,5016.999959945679
3301,3348.9997386932373
3302,3454.9999237060547
3303,3231.9998741149902
3304,4447.999715805054
3305,3209.0001106262207
3306,6605.000019073486
3307,3605.0000190734863
3308,2889.9998664855957
3309,3263.9999389648438
3310,3365.000009536743
3311,3333.9998722076416
3312,5370.000123977661
3313,3477.9999256134033
3314,3197.000026702881
3315,3250.0
3316,3470.9999561309814
3317,3319.999933242798
3318,4967.0000076293945
3319,6786.00001335144
3320,4923.999786376953
3321,3335.0000381469727
3322,3228.9998531341553
3323,3187.000274658203
3324,3241.000175476074
3325,5461.000204086304
3326,3214.9999141693115
3327,3247.000217437744
3328,3210.9999656677246
3329,3365.000009536743
3330,3283.9999198913574
3331,3183.000087738037
3332,3200.000047683716
3333,3669.999837875366
3334,3798.0000972747803
3335,3217.0002460479736
3336,2961.0002040863037
3337,3434.000015258789
3338,7174.999952316284
3339,3958.0001831054688
3340,4086.9998931884766
3341,2909.9998474121094
3342,4740.000009536743
3343,2928.0002117156982
3344,3248.000383377075
3345,2970.0000286102295
3346,3132.999897003174
3347,4479.000091552734
3348,4082.000255584717
3349,5081.000089645386
3350,3185.999870300293
3351,3292.0000553131104
3352,3750.0
3353,3245.999813079834
3354,3217.9999351501465
3355,3328.00030708313
3356,6613.000392913818
3357,5256.999731063843
3358,3269.0000534057617
3359,3217.9996967315674
3360,3196.9997882843018
3361,3168.9999103546143
3362,3255.000114440918
3363,3462.0001316070557
3364,3410.0000858306885
3365,3271.9998359680176
3366,3980.0000190734863
3367,3368.99995803833
3368,4338.99998664856
3369,3162.9998683929443
3370,3213.9999866485596
3371,3615.000009536743
3372,3222.9998111724854
3373,3221.9998836517334
3374,3583.9998722076416
3375,3207.9999446868896
3376,3370.999574661255
3377,3446.000099182129
3378,3356.999635696411
3379,3255.000114440918
3380,4953.999996185303
3381,2924.999952316284
3382,3706.0000896453857
3383,3408.9999198913574
3384,4071.000099182129
3385,4000.999927520752
3386,3083.9998722076416
3387,3639.9998664855957
3388,3192.999839782715
3389,3322.999954223633
3390,3346.0001945495605
3391,3142.9998874664307
3392,3091.0000801086426
3393,3065.000057220459
3394,3301.0001182556152
3395,3345.0000286102295
3396,4908.999919891357
3397,4573.999881744385
3398,2827.000141143799
3399,3482.0001125335693
3400,5186.000108718872
3401,3157.0000648498535
3402,3923.0003356933594
3403,3082.000255584717
3404,4865.999937057495
3405,3263.9999389648438
3406,4285.0000858306885
3407,3662.9998683929443
3408,3898.9999294281006
3409,3127.999782562256
3410,2819.000005722046
3411,3293.9999103546143
3412,3083.9998722076416
3413,3137.00008392334
3414,3242.000102996826
3415,3587.0001316070557
3416,2982.0001125335693
3417,2829.9999237060547
3418,3507.000207901001
3419,2773.0000019073486
3420,3262.00008392334
3421,3213.0002975463867
3422,4042.0000553131104
3423,4842.000246047974
3424,2848.9999771118164
3425,2798.0000972747803
3426,3228.0004024505615
3427,3140.000104904175
3428,3263.000249862671
3429,3414.0000343322754
3430,3451.9999027252197
3431,3435.00018119812
3432,2829.9999237060547
3433,3091.0000801086426
3434,4225.0001430511475
3435,3110.0001335144043
3436,3288.9997959136963
3437,3122.000217437744
3438,3108.9999675750732
3439,3291.0001277923584
3440,3075.000047683716
3441,3443.000316619873
3442,3098.0000495910645
3443,4873.999834060669
3444,3114.0003204345703
3445,3477.9999256134033
3446,5161.00001335144
3447,2796.999931335449
3448,3247.000217437744
3449,4922.999858856201
3450,3341.9997692108154
3451,2813.999891281128
3452,2799.000024795532
3453,3870.999813079834
3454,4879.999876022339
3455,3981.9998741149902
3456,3505.000114440918
3457,3184.999942779541
3458,10259.999990463257
3459,5452.999830245972
3460,3406.9998264312744
3461,3126.999616622925
3462,4269.999980926514
3463,3141.9997215270996
3464,3259.000062942505
3465,3100.9998321533203
3466,3199.000120162964
3467,3299.000024795532
3468,3161.9999408721924
3469,3096.0001945495605
3470,3255.000114440918
3471,3671.0000038146973
3472,3148.9999294281006
3473,3261.9998455047607
3474,3150.0000953674316
3475,3977.999687194824
3476,3378.999710083008
3477,3472.0001220703125
3478,3083.0001831054688
3479,4601.999998092651
3480,3160.0000858306885
3481,3198.9998817443848
3482,3505.000114440918
3483,3210.0000381469727
3484,3108.9999675750732
3485,3126.000165939331
3486,3144.0000534057617
3487,2766.0000324249268
3488,4570.000171661377
3489,3151.0002613067627
3490,4444.000005722046
3491,3648.0000019073486
3492,3068.000078201294
3493,3808.99977684021
3494,3091.0000801086426
3495,3203.9999961853027
3496,3835.0000381469727
3497,3454.9999237060547
3498,3648.9999294281006
3499,3167.9999828338623
3500,3507.000207901001
3501,4537.0001792907715
3502,3849.9999046325684
3503,2838.0002975463867
3504,3131.999969482422
3505,3796.0000038146973
3506,3262.00008392334
3507,5170.000076293945
3508,5203.999996185303
3509,3018.9998149871826
3510,4797.000169754028
3511,3859.999895095825
3512,4878.000259399414
3513,3079.9999237060547
3514,3108.0000400543213
3515,3488.0001544952393
3516,3055.999994277954
3517,4169.999837875366
3518,3149.000406265259
3519,3121.000051498413
3520,3313.000202178955
3521,2748.000144958496
3522,3163.0001068115234
3523,3073.9998817443848
3524,3297.0001697540283
3525,4174.000024795532
3526,2744.000196456909
3527,3012.00008392334
3528,3875.0
3529,5189.99981880188
3530,4202.999830245972
3531,3226.0000705718994
3532,3463.9999866485596
3533,2791.0001277923584
3534,3036.0000133514404
3535,3004.999876022339
3536,2822.9997158050537
3537,3845.0000286102295
3538,3085.9997272491455
3539,3420.0000762939453
